Workbook

Sheet Sheet1
A1: V.1.0.2 | C1: 경영진 체크, 지분율, 주식수(보통주, 자기주식 등 정리), 배당, 연결 개별 실제지분정도 (제표상 확인사항 등), 산업전망, 매크로연관성 등, PEER대비 밴드및 상대ROE등, ROE+부채율 ROA등확인 | T1: Y0 | U1: Y+1 | V1: Y+2
C2: =C147 -> 오파스넷 | D2: =D157 -> 16년 | E2: =E157 -> 17년 | F2: =F157 -> 18년 | G2: =G157 -> 19년 | H2: =H157 -> 20년 | I2: =I157 -> 21년 | J2: =J157 -> 22년 | K2: =K157 -> 23년 | ... M2: =M157 -> 25년3Q연환산 | N2: =O157 -> 0 | P2: =P157 -> 분기 손익계산서 | Q2: =#REF! -> #REF! | R2: =Q157 -> 24.3Q | S2: =R157 -> 24.4Q | T2: =S157 -> 25.1Q | U2: =T157 -> 25.2Q | V2: =U157 -> 25.3Q
C3: =[1]Src!BP5 -> 시스템서비스 | D3: Y-8 | E3: Y-7 | F3: Y-6 | G3: Y-5 | H3: Y-4 | I3: Y-3 | J3: Y-2 | K3: Y-1 | Q3: Q-5 | R3: Q-4 | S3: Q-3 | T3: Q-2 | U3: Q-1 | V3: Q(E)
C4: ROE | D4: =D211 -> 0 | E4: =E211 -> 10.6 | F4: =F211 -> 7.57 | G4: =G211 -> -67.18 | H4: =H211 -> 26.63 | I4: =I211 -> 21.59 | J4: =J211 -> 17.18 | K4: =K211 -> 22.73 | ... M4: =M211 -> 23.93 | N4: =O211 -> 0 | P4: =C4 -> ROE | S4: =[1]ROE!W371 -> 0 | T4: =[1]ROE!X371 -> 0 | U4: =L211/4 -> 4.43 | V4: =M211/4 -> 5.9825
C5: 지배 자기자본 | D5: =D275 -> 132 | E5: =E275 -> 166 | F5: =F275 -> 302 | G5: =G275 -> 177 | H5: =H275 -> 226 | I5: =I275 -> 291 | J5: =J275 -> 353 | K5: =K275 -> 460 | ... M5: =M275 -> 606 | N5: =O275 -> 0 | P5: =C5 -> 지배 자기자본 | U5: =L275 -> 539 | V5: =M275 -> 606
C6: EPS | D6: =D179 -> 0 | E6: =E179 -> 184 | F6: =F179 -> 176 | G6: =G179 -> -911 | H6: =H179 -> 1359 | I6: =I179 -> 481 | J6: =J179 -> 465 | K6: =K179 -> 881 | ... M6: =M179 -> 1111.11 | N6: =O179 -> 620.69 | P6: =C6 -> EPS | Q6: =#REF! -> #REF! | R6: =Q171 -> 130.27 | S6: =R171 -> 490.42 | T6: =S171 -> 38.31 | U6: =T171 -> 352.49 | V6: =U171 -> 229.89
C7: DPS | D7: =D182 -> 0 | E7: =E182 -> 0 | F7: =F182 -> 0 | G7: =G182 -> 0 | H7: =H182 -> 0 | I7: =I182 -> 45 | J7: =J182 -> 45 | K7: =K182 -> 136 | ... M7: =M182 -> 100 | N7: =O182 -> 0
C8: 배당율 | D8: =D215 -> 0 | E8: =E215 -> 0 | F8: =F215 -> 0 | G8: =G215 -> 0 | H8: =H215 -> 0 | I8: =I215 -> 1.25 | J8: =J215 -> 0.58 | K8: =K215 -> 1.16 | ... M8: =M215 -> 1.59 | N8: =O215 -> 1.36
C9: 시가총액 | D9: =[1]Src!BQ31 -> 115 | E9: =[1]Src!BR31 -> 120 | F9: =[1]Src!BS31 -> 509 | G9: =[1]Src!BT31 -> 259 | H9: =[1]Src!BU31 -> 242 | I9: =[1]Src!BV31 -> 470 | J9: =[1]Src!BW31 -> 1009 | K9: =[1]Src!BX31 -> 1390 | ... N9: =[1]Src!CA31 -> 963
C10: 주가 | D10: =[1]Src!BQ32 -> 1271 | E10: =[1]Src!BR32 -> 1251 | F10: =[1]Src!BS32 -> 3907 | G10: =[1]Src!BT32 -> 1986 | H10: =[1]Src!BU32 -> 5463 | I10: =[1]Src!BV32 -> 3604 | J10: =[1]Src!BW32 -> 7736 | K10: =[1]Src!BX32 -> 11720 | ... N10: =[1]Src!CA32 -> 7380
C11: *ROE계산 | E11: =[1]Src!BQ16/AVERAGE([1]Src!BQ131) -> 0.15909091 | F11: =[1]Src!BR16/AVERAGE([1]Src!BQ131:BR131) -> 0.20805369 | G11: =[1]Src!BS16/AVERAGE([1]Src!BR131:BS131) -> 0.098290598 | H11: =[1]Src!BT16/AVERAGE([1]Src!BS131:BT131) -> -0.49686848 | I11: =[1]Src!BU16/AVERAGE([1]Src!BT131:BU131) -> 0.29776675 | J11: =[1]Src!BV16/AVERAGE([1]Src!BU131:BV131) -> 0.23984526 | K11: =[1]Src!BW16/AVERAGE([1]Src!BV131:BW131) -> 0.18944099 | L11: =[1]Src!BX16/AVERAGE([1]Src!BW131:BX131) -> 0.25830258 | M11: =[1]Src!BY16/AVERAGE([1]Src!BX131:BY131) -> 0.19019019 | N11: =[1]Src!BZ16/AVERAGE(H13,K5) -> 0.26696394
C12: ROE 추정 | D12: 지속기간 | E12: 가중평균 | F12: 분기포함평균 | G12: 9년 평균 | H12: (B)자기자본 추정 | I12: 추정값 | J12: 보정CAGR(5y) | K12: 보정율 | L12: CAGR(5y) | M12: CAGR 임의 | N12: PBR CAGR (A) | O12: 24 자기자본
C13: 10 | D13: 7 | E13: =(K4*3+J4*2+I4)/6 -> 20.69 | F13: =AVERAGE(J4:L4) -> 19.21 | G13: =AVERAGE(F4:L4) -> 6.6057143 | H13: =L5*(1+J15) -> 626.28903 | I13: =L5*(1+J13) -> 653.29108 | J13: =K13*L13 -> 0.21204282 | K13: 0.85 | L13: =(L5/G5)^(1/(COLUMN(L5)-COLUMN(G5)))-1 -> 0.24946214 | M13: =(L5/I5)^(1/(COUNTA(I5:L5)-1))-1 -> 0.22809489 | N13: =[1]PB!Y4 -> #VALUE! | O13: =[1]Src!CP4*[1]PB!AF14 -> 539
C14: =AVERAGE(M11,I11:L11) -> 0.23510916 | D14: 5yr avg | H14: 1 | I14: 2 | J14: 3 | K14: 4 | L14: 5 | M14: 6 | N14: 7 | O14: 8 | P14: 9 | Q14: 10
C15: 1 | D15: 2 | E15: =D15+1 -> 3 | F15: =E15+1 -> 4 | G15: =F15+1 -> 5 | H15: ver.B | J15: =[1]PB!AA6 -> 0.16194626 | K15: *PB CAGR 참고치 | M15: ver.A | N15: EPS 보정률 : | O15: =[1]PE!AA6 -> #VALUE! | P15: 0.95 | Q15: 0.95
C16: FnGuide | D16: =VLOOKUP($C16,$H$16:$Q$19,($C$15-1)*5+D$15,0) -> 23년 | E16: =VLOOKUP($C16,$H$16:$Q$19,($C$15-1)*5+E$15,0) -> 24년 | F16: =VLOOKUP($C16,$H$16:$Q$19,($C$15-1)*5+F$15,0) -> 25E | G16: =VLOOKUP($C16,$H$16:$Q$19,($C$15-1)*5+G$15,0) -> 26E | H16: FnGuide | I16: =[1]Src!CO2 -> 23년 | J16: =[1]Src!CP2 -> 24년 | K16: =[1]Src!CQ2 -> 25E | L16: =[1]Src!CR2 -> 26E | M16: FnGuide | N16: =[1]Src!CO2 -> 23년 | O16: =[1]Src!CP2 -> 24년 | P16: =[1]Src!CQ2 -> 25E | Q16: =[1]Src!CR2 -> 26E
C17: 지배순익 | D17: =VLOOKUP($C17,$H$16:$Q$19,($C$15-1)*5+D$15,0) -> 105 | E17: =VLOOKUP($C17,$H$16:$Q$19,($C$15-1)*5+E$15,0) -> 95 | F17: =VLOOKUP($C17,$H$16:$Q$19,($C$15-1)*5+F$15,0) -> #VALUE! | G17: =VLOOKUP($C17,$H$16:$Q$19,($C$15-1)*5+G$15,0) -> #VALUE! | H17: 지배순익 | I17: =[1]Src!CO3 -> 105 | J17: =[1]Src!CP3 -> 95 | K17: =J17*(1+$J$22) -> #VALUE! | L17: =K17*(1+$K$22) -> #VALUE! | M17: 지배순익 | N17: =[1]Src!CO3 -> 105 | O17: =[1]Src!CP3 -> 95 | P17: =[1]Src!CQ3*P15 -> #VALUE! | Q17: =[1]Src!CR3*Q15 -> #VALUE!
C18: 자기자본 | D18: =VLOOKUP($C18,$H$16:$Q$19,($C$15-1)*5+D$15,0) -> 460 | E18: =VLOOKUP($C18,$H$16:$Q$19,($C$15-1)*5+E$15,0) -> 539 | F18: =VLOOKUP($C18,$H$16:$Q$19,($C$15-1)*5+F$15,0) -> 643.74684 | G18: =VLOOKUP($C18,$H$16:$Q$19,($C$15-1)*5+G$15,0) -> 768.84971 | H18: 자기자본 | I18: =[1]Src!CO4 -> 460 | J18: =[1]Src!CP4 -> 539 | K18: =J18*(1+$J$15*K23) -> 643.74684 | L18: =K18*(1+$J$15*K23) -> 768.84971 | M18: 자기자본 | N18: =[1]Src!CO4 -> 460 | O18: =[1]Src!CP4 -> 539 | P18: =[1]Src!CQ4*[1]PB!AF10 -> #VALUE! | Q18: =P18*([1]PB!V2+1*0.9) -> #VALUE! | R18: *BPS 보정 | S18: =[1]Src!CR4*[1]PB!AF10 -> #VALUE!
C19: ROE | D19: =VLOOKUP($C19,$H$16:$Q$19,($C$15-1)*5+D$15,0) -> 25.830258 | E19: =VLOOKUP($C19,$H$16:$Q$19,($C$15-1)*5+E$15,0) -> 19.019019 | F19: =VLOOKUP($C19,$H$16:$Q$19,($C$15-1)*5+F$15,0) -> #VALUE! | G19: =VLOOKUP($C19,$H$16:$Q$19,($C$15-1)*5+G$15,0) -> #VALUE! | H19: ROE | I19: =I17/AVERAGE(J5,I18)*100 -> 25.830258 | J19: =J17/AVERAGE(I18,J18)*100 -> 19.019019 | K19: =K17/AVERAGE(J18,K18)*100 -> #VALUE! | L19: =L17/AVERAGE(K18,L18)*100 -> #VALUE! | M19: ROE | N19: =N17/AVERAGE(J5,N18)*100 -> 25.830258 | O19: =O17/AVERAGE(N18,O18)*100 -> 19.019019 | P19: =P17/AVERAGE(O18,P18)*100 -> #VALUE! | Q19: =Q17/AVERAGE(P18,Q18)*100 -> #VALUE! | S19: 26년 자기자본백업
J20: =[1]PE!$AB$7 -> 0 | K20: *(B) PE CAGR 기본 (변동성큰경우) | M20: *자기자본도 순익과 함께 감해야하지만, 보수적 ROE 위해 예상치 유지
J21: =[1]PE!$Z$7 -> #VALUE! | K21: *PE CAGR 조정값 | O21: =O18/N18-1 -> 0.17173913 | P21: =P18/O18-1 -> #VALUE! | Q21: =Q18/P18-1 -> #VALUE!
G22: EPS | H22: 선택값 → | I22: =[1]PE!Z6 -> #VALUE! | J22: =[1]PE!Z7 -> #VALUE! | K22: =[1]PE!Z8 -> #VALUE!
G23: BPS | K23: =[1]PB!AA11 -> 1.2 | N23: 항목 | O23: 보통주 | P23: 지분율 | Q23: 최종변동일
D24: =G30 -> #VALUE! | E24: =E31 -> -0.13286362 | K24: *미래 ROE는 동일한 값으로 가정해야할듯- 기업가치 정의 상 | N24: =[1]Src!CW4 -> 장수현(외 7인) | O24: =[1]Src!CX4 -> 5387915 | P24: =[1]Src!CY4 -> 41.3 | Q24: =[1]Src!CZ4 -> 46014 | T24: TOP | U24: 수익률 | W24: BOT | X24: 방어율
D25: =T26 -> #VALUE! | E25: =T26/D30-1 -> #VALUE! | F25: =W26 -> #VALUE! | G25: =X26 -> #VALUE! | I25: *Y-1 당시 기준 추정값 대비 실제 주가 비교 점검항목 추가? | L25: 주식수원본 → | M25: =L225-$N$31 -> 1304.6611 | N25: =[1]Src!CW5 -> 자사주 | O25: =[1]Src!CX5 -> 3389 | P25: =[1]Src!CY5 -> 0.03 | Q25: =[1]Src!CZ5 -> 45401 | R25: 27년 | S25: 2 | T25: =G28*S25 -> 18805.24 | U25: =T25/D28-1 -> 1.6301035 | V25: 1.5 | W25: =V25*F28 -> 0 | X25: =W25/D27-1 -> #VALUE!
C26: ○ S-RIM | E26: w | F26: 0.8 | G26: 0.9 | H26: 1 | I26: CAGR | J26: =(I31/I35)^(1/5)-1 -> 0.21047803 | K26: 보정율 | L26: 0.85 | M26: 0.85 | N26: =IFERROR(VLOOKUP("자사주",[1]Src!$CW$3:$CZ$30,1,0),"") -> 자사주 | O26: =IFERROR(VLOOKUP("자사주",[1]Src!$CW$3:$CZ$30,2,0),"") -> 3389 | P26: =IFERROR(VLOOKUP("자사주",[1]Src!$CW$3:$CZ$30,3,0),"") -> 0.03 | Q26: =IFERROR(VLOOKUP("자사주",[1]Src!$CW$3:$CZ$30,4,0),"") -> 45401 | R26: 26년 | S26: 1.7 | T26: =AVERAGE(G29)*S26 -> #VALUE! | U26: =T26/D29-1 -> #VALUE! | V26: 1.15 | W26: =AVERAGE(F29)*V26 -> #VALUE! | X26: =W26/D28-1 -> #VALUE!
C27: 예상연도 | D27: 종가(현재가) | E27: 갭수익률 | F27: 기준 매수가 | G27: 1차 매도가 | H27: 2차 매도가 | I27: 지배자기자본(기초) | J27: ROE | K27: 장기ROE | L27: 요구수익률 | M27: 지배주식수(만) | N27: 자사주 수(만) | O27: 우선주 수(만) | P27: 주당 자기자본 | Q27: 멀티플(1차대비) | R27: 최고가 | S27: TP달성율 | T27: 최저가 | U27: 매수가대비 | V27: 440 | X27: 기업가치=자산+초과이익PV | AB27: S-RIM 식 검증
B28: 27 | C28: Y+2 | D28: =IFERROR(__xludf.DUMMYFUNCTION("IFERROR(GoogleFinance(""kosdaq:""&RIGHT($D$147,6),""price""),GoogleFinance(""krx:""&RIGHT($D$147,6),""price""))"),7150) -> 7150 | G28: =(($I28+($I28*($K28-$L28))*(G$26/(1+$L28-G$26)))/$M28)*10000 -> 9402.6201 | I28: =G18 -> 768.84971 | J28: 0.2 | K28: =J28 -> 0.2 | L28: =L29 -> 0.1 | M28: =M29 -> 1185.6611 | R28: 현재가기준 → | T28: 현재가기준 →
B29: 26 | C29: Y+2 | D29: =IFERROR(__xludf.DUMMYFUNCTION("IFERROR(GoogleFinance(""kosdaq:""&RIGHT($D$147,6),""price""),GoogleFinance(""krx:""&RIGHT($D$147,6),""price""))"),7150) -> 7150 | E29: =G29/D29-1 -> #VALUE! | F29: =(($I29+($I29*($K29-$L29))*(F$26/(1+$L29-F$26)))/$M29)*10000 -> #VALUE! | G29: =(($I29+($I29*($K29-$L29))*(G$26/(1+$L29-G$26)))/$M29)*10000 -> #VALUE! | H29: =(($I29+($I29*($K29-$L29))*(H$26/(1+$L29-H$26)))/$M29)*10000 -> #VALUE! | I29: =F18 -> 643.74684 | J29: =G19/100 -> #VALUE! | K29: =J29 -> #VALUE! | L29: 0.1 | M29: =M31-N29 -> 1185.6611 | R29: =[1]배당!R2 -> 7930 | T29: =[1]배당!S2 -> 6100 | X29: =지배지분+[지배지분*(ROE-r)/r] | AB29: 적정매수 | AC29: 1차 매도가 | AD29: 2차 매도가
B30: 25 | C30: Y1 | D30: =[1]PE!G13 -> 6640 | E30: =G30/D30-1 -> #VALUE! | F30: =(($I30+($I30*($K30-$L30))*(F$26/(1+$L30-F$26)))/$M30)*10000 -> #VALUE! | G30: =(($I30+($I30*($K30-$L30))*(G$26/(1+$L30-G$26)))/$M30)*10000 -> #VALUE! | H30: =(($I30+($I30*($K30-$L30))*(H$26/(1+$L30-H$26)))/$M30)*10000 -> #VALUE! | I30: =E18 -> 539 | J30: =F19/100 -> #VALUE! | K30: =J30 -> #VALUE! | L30: 0.1 | M30: =M31 -> 1185.6611 | N30: =O25/10000 -> 0.3389 | P30: =I30/M30*10000 -> 4545.987 | Q30: =D30/F30-1 -> #VALUE! | R30: =[1]배당!R3 -> 11430 | S30: =D30/G30 -> #VALUE! | T30: =[1]배당!S3 -> 5580 | U30: =D30/F30 -> #VALUE! | V30: 25 | X30: =>지배지분+ 지배지분*(ROE-r)*w/(1+r-w) | Z30: =$I31*($J32-$L31)*G$26 -> 65.537269 | AA30: =$I31*($J32-$L31)*H$26 -> 72.819188 | AB30: =($I31+Y$33)/$M31*10000 -> 5517.4662 | AC30: =($I31+Z$32)/$M31*10000 -> 6643.4359 | AD30: =($I31+AA$32)/$M31*10000 -> 10021.345
B31: 24 | C31: Y0 | D31: =[1]PE!G14 -> 6290 | E31: =G31/D31-1 -> -0.13286362 | F31: =(($I31+($I31*($K31-$L31))*(F$26/(1+$L31-F$26)))/$M31)*10000 -> 4812.7859 | G31: =(($I31+($I31*($K31-$L31))*(G$26/(1+$L31-G$26)))/$M31)*10000 -> 5454.2879 | H31: =(($I31+($I31*($K31-$L31))*(H$26/(1+$L31-H$26)))/$M31)*10000 -> 7378.7938 | I31: =D18 -> 460 | J31: =E19/100 -> 0.19019019 | K31: =J31 -> 0.19019019 | L31: 0.1 | M31: =M32 -> 1185.6611 | N31: =N30 -> 0.3389 | P31: =I31/M31*10000 -> 3879.6921 | Q31: =D31/F31-1 -> 0.30693535 | R31: =[1]배당!R4 -> 12220 | S31: =R31/G31 -> 2.2404391 | T31: =[1]배당!S4 -> 5770 | U31: =T31/F31 -> 1.1988898 | V31: 24 | X31: 초과이익*w | Y31: =$I31*($J32-$L31)*F$26 -> 58.255351 | Z31: =1+$L31-G$26 -> 0.2 | AA31: =1+$L31-H$26 -> 0.1
B32: 23 | C32: Y-1 | D32: =K10 -> 11720 | E32: =G32/D32-1 -> -0.56500726 | F32: =(($I32+($I32*($K32-$L32))*(F$26/(1+$L32-F$26)))/$M32)*10000 -> 4234.0556 | G32: =(($I32+($I32*($K32-$L32))*(G$26/(1+$L32-G$26)))/$M32)*10000 -> 5098.1149 | H32: =(($I32+($I32*($K32-$L32))*(H$26/(1+$L32-H$26)))/$M32)*10000 -> 7690.2929 | I32: =J5 -> 353 | J32: =D19/100 -> 0.25830258 | K32: =J32 -> 0.25830258 | L32: 0.1 | M32: =K225-N32 -> 1185.6611 | N32: =N31 -> 0.3389 | P32: =I32/M32*10000 -> 2977.242 | Q32: =D32/F32-1 -> 1.7680317 | R32: =[1]배당!R5 -> 18135 | S32: =R32/G32 -> 3.5571972 | T32: =[1]배당!S5 -> 7045 | U32: =T32/F32 -> 1.6638894 | V32: 23 | X32: 1+할인율-w | Y32: =1+$L31-F$26 -> 0.3 | Z32: =Z30/Z31 -> 327.68635 | AA32: =AA30/AA31 -> 728.19188
B33: 22 | C33: =J3 -> Y-2 | D33: =J10 -> 7736 | E33: =G33/D33-1 -> -0.61852025 | F33: =(($I33+($I33*($K33-$L33))*(F$26/(1+$L33-F$26)))/$M33)*10000 -> 2657.5239 | G33: =(($I33+($I33*($K33-$L33))*(G$26/(1+$L33-G$26)))/$M33)*10000 -> 2951.1273 | H33: =(($I33+($I33*($K33-$L33))*(H$26/(1+$L33-H$26)))/$M33)*10000 -> 3831.9377 | I33: =I5 -> 291 | J33: =J4/100 -> 0.1718 | K33: =J33 -> 0.1718 | L33: 0.1 | M33: =J225-N33 -> 1304.6611 | N33: =N32 -> 0.3389 | P33: =I33/M33*10000 -> 2230.4643 | Q33: =D33/F33-1 -> 1.9109805 | R33: =[1]배당!R6 -> 11090 | S33: =R33/G33 -> 3.757886 | T33: =[1]배당!S6 -> 3009 | U33: =T33/F33 -> 1.132257 | V33: 22 | X33: 이익분 | Y33: =Y31/Y32 -> 194.1845
B34: 21 | C34: =I3 -> Y-3 | D34: =I10 -> 3604 | E34: =G34/D34-1 -> -0.26867205 | F34: =(($I34+($I34*($K34-$L34))*(F$26/(1+$L34-F$26)))/$M34)*10000 -> 2267.6315 | G34: =(($I34+($I34*($K34-$L34))*(G$26/(1+$L34-G$26)))/$M34)*10000 -> 2635.7059 | H34: =(($I34+($I34*($K34-$L34))*(H$26/(1+$L34-H$26)))/$M34)*10000 -> 3739.9291 | I34: =H5 -> 226 | J34: =I4/100 -> 0.2159 | K34: =J34 -> 0.2159 | L34: 0.1 | M34: =I225-N34 -> 1304.6611 | N34: =N33 -> 0.3389 | P34: =I34/M34*10000 -> 1732.2506 | Q34: =D34/F34-1 -> 0.58932345 | R34: =[1]배당!R7 -> 5463 | S34: =R34/G34 -> 2.0726895 | T34: =[1]배당!S7 -> 3331 | U34: =T34/F34 -> 1.4689335 | V34: 21
B35: 20 | C35: =H3 -> Y-4 | D35: =H10 -> 5463 | E35: =G35/D35-1 -> 0.27967323 | F35: =(($I35+($I35*($K35-$L35))*(F$26/(1+$L35-F$26)))/$M35)*10000 -> 5771.7654 | G35: =(($I35+($I35*($K35-$L35))*(G$26/(1+$L35-G$26)))/$M35)*10000 -> 6990.8549 | H35: =(($I35+($I35*($K35-$L35))*(H$26/(1+$L35-H$26)))/$M35)*10000 -> 10648.123 | I35: =G5 -> 177 | J35: =H4/100 -> 0.2663 | K35: =J35 -> 0.2663 | L35: 0.1 | M35: =H225-N35 -> 442.6611 | N35: =N34 -> 0.3389 | P35: =I35/M35*10000 -> 3998.5443 | Q35: =D35/F35-1 -> -0.053495826 | R35: =[1]배당!R8 -> 6181 | S35: =R35/G35 -> 0.8841551 | T35: =[1]배당!S8 -> 1513 | U35: =T35/F35 -> 0.26213817 | V35: 20
B36: 19 | C36: =G3 -> Y-5 | D36: =G10 -> 1986 | E36: =G36/D36-1 -> -3.8869412 | F36: =(($I36+($I36*($K36-$L36))*(F$26/(1+$L36-F$26)))/$M36)*10000 -> -2453.1036 | G36: =(($I36+($I36*($K36-$L36))*(G$26/(1+$L36-G$26)))/$M36)*10000 -> -5733.4651 | H36: =(($I36+($I36*($K36-$L36))*(H$26/(1+$L36-H$26)))/$M36)*10000 -> -15574.55 | I36: =F5 -> 302 | J36: =G4/100 -> -0.6718 | K36: =J36 -> -0.6718 | L36: 0.1 | M36: =G$225-N36 -> 1302.6611 | N36: =N35 -> 0.3389 | P36: =I36/M36*10000 -> 2318.3313 | Q36: =D36/F36-1 -> -1.8095867 | R36: =[1]배당!R9 -> 4942 | S36: =R36/G36 -> -0.86195693 | T36: =[1]배당!S9 -> 1690 | U36: =T36/F36 -> -0.6889232 | V36: 19
B37: 18 | C37: =F3 -> Y-6 | D37: =F10 -> 3907 | E37: =G37/D37-1 -> -0.7095039 | F37: =(($I37+($I37*($K37-$L37))*(F$26/(1+$L37-F$26)))/$M37)*10000 -> 1191.739 | G37: =(($I37+($I37*($K37-$L37))*(G$26/(1+$L37-G$26)))/$M37)*10000 -> 1134.9683 | H37: =(($I37+($I37*($K37-$L37))*(H$26/(1+$L37-H$26)))/$M37)*10000 -> 964.65612 | I37: =E5 -> 166 | J37: =F4/100 -> 0.0757 | K37: =J37 -> 0.0757 | L37: 0.1 | M37: =F$225-N37 -> 1302.6611 | N37: =N36 -> 0.3389 | P37: =I37/M37*10000 -> 1274.3146 | Q37: =D37/F37-1 -> 2.2784025 | R37: =[1]배당!R10 -> 6054 | S37: =R37/G37 -> 5.3340699 | T37: =[1]배당!S10 -> 1251 | U37: =T37/F37 -> 1.0497265 | V37: 18 | X37: *각 연말 추정치 vs 각연도 최고가, 촤저가, 종가 비교
B38: 17 | C38: =E3 -> Y-7 | D38: =E10 -> 1251 | E38: =G38/D38-1 -> 0.12802016 | F38: =(($I38+($I38*($K38-$L38))*(F$26/(1+$L38-F$26)))/$M38)*10000 -> 1396.0386 | G38: =(($I38+($I38*($K38-$L38))*(G$26/(1+$L38-G$26)))/$M38)*10000 -> 1411.1532 | H38: =(($I38+($I38*($K38-$L38))*(H$26/(1+$L38-H$26)))/$M38)*10000 -> 1456.497 | I38: =D5 -> 132 | J38: =E4/100 -> 0.106 | K38: =J38 -> 0.106 | L38: 0.1 | M38: =E$225-N38 -> 960.6611 | N38: =N37 -> 0.3389 | P38: =I38/M38*10000 -> 1374.0538 | Q38: =D38/F38-1 -> -0.10389299 | R38: =[1]배당!R11 -> 1271 | S38: =R38/G38 -> 0.90068179 | T38: =[1]배당!S11 -> 1233 | U38: =T38/F38 -> 0.88321339 | V38: 17
B39: 16 | C39: =D3 -> Y-8 | D39: =D10 -> 1271 | E39: =G39/D39-1 -> #REF! | F39: =(($I39+($I39*($K39-$L39))*(F$26/(1+$L39-F$26)))/$M39)*10000 -> #REF! | G39: =(($I39+($I39*($K39-$L39))*(G$26/(1+$L39-G$26)))/$M39)*10000 -> #REF! | H39: =(($I39+($I39*($K39-$L39))*(H$26/(1+$L39-H$26)))/$M39)*10000 -> #REF! | I39: =#REF! -> #REF! | J39: =D4/100 -> 0 | K39: =J39 -> 0 | L39: 0.1 | M39: =D$225-N39 -> 902.6611 | N39: =N38 -> 0.3389 | P39: =I39/M39*10000 -> #REF! | Q39: =D39/F39-1 -> #REF! | R39: =[1]배당!R12 -> 1271 | S39: =R39/G39 -> #REF! | T39: =[1]배당!S12 -> 1271 | U39: =T39/F39 -> #REF! | V39: 16
H40: *ROE가 0이하이면 기업가치가 없음? → 정의상 ROE가 장기지속 ROE값이기 때문에 오차발생 : 수식 보정이 필요/ 과거 시점별 밸류에이션 무의미함 | T40: =[1]배당!S13 -> 0
C41: ○ 거인 | K41: *R 에는 일반주주 배당금이 포함된 값임 | N41: 연도별 자사주 데이터 필요
C42: 현재가 | D42: 갭수익률 | E42: 장기수익률 | F42: 적정PBR | G42: 현재PBR | H42: ROE목표 | I42: 지속기간N | J42: 요구수익률r | K42: *배당은 ROE에 포함되어 있고, 오히려 승수 효과에서 손해일수도?
C43: =IFERROR(__xludf.DUMMYFUNCTION("IFERROR(GoogleFinance(""kosdaq:""&RIGHT($D$147,6),""price""),GoogleFinance(""krx:""&RIGHT($D$147,6),""price""))"),7150) -> 7150 | D43: =F43/G43-1 -> -0.32867133 | E43: =(1+H43*0.01)/G43^(1/I43)-1 -> 0.039128226 | F43: =((1+H43*0.01)/(1+J43*0.01))^I43 -> 1 | G43: =[1]PB!D2/[1]PB!H13 -> 1.4895833 | H43: =C13 -> 10 | I43: =D13 -> 7 | J43: 10 | K43: *배당주의 경우 성장재투자(승수효과) 손실 발생 고려 필요?/ 반면 배당금을 재투자할 경우는 약간 만회?
C44: =C43*F43/G43 -> 4800 | D44: 적정가 | G44: *4분기까지 업데이트시 PB모형과 비교 후, 연도별 비교 작성 | L44: 적정 PBR = (1+ROE/1+r)^N | O44: 장기수익률r = [(1+ROE)/PBR^(1/N)]-1
G45: 최근 PBR_QK | L45: 1+ROE | M45: =1+H43/100 -> 1.1 | O45: 1+ROE | P45: =1+H43/100 -> 1.1
B46: Dft | C46: QPBR 적정가 | D46: 갭수익률 | E46: 장기수익률 | G46: =D151 -> 1.59 | L46: 1+r | M46: =1+J43/100 -> 1.1 | O46: PBR^(1/N) | P46: =G43^(1/I43) -> 1.0585797
C47: =C43*F43/G46 -> 4496.8553 | D47: =F43/G46-1 -> -0.37106918 | E47: =(1+H43*0.01)/G46^(1/I43)-1 -> 0.029488898 | L47: *PBR | M47: =(M45/M46)^I43 -> 1 | O47: *r | P47: =P45/P46-1 -> 0.039128226
C49: ○ 거인 보정
C50: 27년 | D50: =D51 -> 1.3 | E50: =D50*$I54/1.1 -> #VALUE! | F50: =E50/$C$43-1 -> #VALUE! | G50: =G51 -> 0.65 | H50: =G50*$I54/1.1 -> #VALUE! | I50: =H50/$C$43-1 -> #VALUE! | K50: =[1]PB!D2/[1]PB!X10/(1+[1]PB!V2*0.9) -> #VALUE! | L50: : 임의추정
C51: 26년 | D51: 1.3 | E51: =D51*$I54 -> #VALUE! | F51: =E51/$C$43-1 -> #VALUE! | G51: 0.65 | H51: =G51*$I54 -> #VALUE! | I51: =H51/$C$43-1 -> #VALUE! | K51: =IF(C15=2,[1]PB!D2/[1]PB!U2*[1]PB!AF10,[1]PB!D2/[1]PB!X10/(1+[1]PB!AA17)) -> #VALUE! | L51: : Fn 컨센
C52: 연도 | D52: 최고가 | E52: MTP T | F52: 최저가 | G52: MTP B | H52: 종가 | I52: 적정가 | J52: 적정PBR | K52: PBR종가 | L52: ROE | M52: ROE목표 | N52: 지속기간 | O52: 요구수익률
C53: =B28 -> 27
C54: =B29 -> 26 | D54: =R29 -> 7930 | E54: =D54/$I54 -> #VALUE! | F54: =T29 -> 6100 | G54: =F54/$I54 -> #VALUE! | H54: =D29 -> 7150 | I54: =H54/K54*J54 -> #VALUE! | J54: =((1+M54*0.01)/(1+O54*0.01))^N54 -> #VALUE! | K54: =K50 -> #VALUE! | L54: =J29*100 -> #VALUE! | M54: =L54 -> #VALUE! | N54: =D13 -> 7 | O54: 10
C55: =B30 -> 25 | D55: =R30 -> 11430 | E55: =D55/$I55 -> #VALUE! | F55: =T30 -> 5580 | G55: =F55/$I55 -> #VALUE! | H55: =D30 -> 6640 | I55: =H55/K55*J55 -> #VALUE! | J55: =((1+M55*0.01)/(1+O55*0.01))^N55 -> #VALUE! | K55: =[1]PB!D2/[1]PB!X10 -> #VALUE! | L55: =J30*100 -> #VALUE! | M55: =L55 -> #VALUE! | N55: =N54 -> 7 | O55: 10
C56: =B31 -> 24 | D56: =R31 -> 12220 | E56: =D56/$I56 -> #VALUE! | F56: =T31 -> 5770 | G56: =F56/$I56 -> #VALUE! | H56: =D31 -> 6290 | I56: =H56/K56*J56 -> #VALUE! | J56: =((1+M56*0.01)/(1+O56*0.01))^N56 -> 1.7360641 | K56: =[1]PB!G14/[1]PB!X14 -> #VALUE! | L56: =J31*100 -> 19.019019 | M56: =L56 -> 19.019019 | N56: =N55 -> 7 | O56: 10
C57: =B32 -> 23 | D57: =R32 -> 18135 | E57: =D57/$I57 -> 1.2316103 | F57: =T32 -> 7045 | G57: =F57/$I57 -> 0.47845019 | H57: =D32 -> 11720 | I57: =H57/K57*J57 -> 14724.626 | J57: =((1+M57*0.01)/(1+O57*0.01))^N57 -> 2.5629895 | K57: =[1]Src!$AT4 -> 2.04 | L57: =J32*100 -> 25.830258 | M57: =L57 -> 25.830258 | N57: =N56 -> 7 | O57: 10
C58: =B33 -> 22 | D58: =R33 -> 11090 | E58: =D58/$I58 -> 3.0572258 | F58: =T33 -> 3009 | G58: =F58/$I58 -> 0.82950336 | H58: =D33 -> 7736 | I58: =H58/K58*J58 -> 3627.4717 | J58: =((1+M58*0.01)/(1+O58*0.01))^N58 -> 1.5567743 | K58: =[1]Src!$AT5 -> 3.32 | L58: =J33*100 -> 17.18 | M58: =L58 -> 17.18 | N58: =N57 -> 7 | O58: 10
C59: =B34 -> 21 | D59: =R34 -> 5463 | E59: =D59/$I59 -> 2.0900419 | F59: =T34 -> 3331 | G59: =F59/$I59 -> 1.2743785 | H59: =D34 -> 3604 | I59: =H59/K59*J59 -> 2613.8231 | J59: =((1+M59*0.01)/(1+O59*0.01))^N59 -> 2.0162121 | K59: =[1]Src!$AT6 -> 2.78 | L59: =J34*100 -> 21.59 | M59: =L59 -> 21.59 | N59: =N58 -> 7 | O59: 10
C60: =B35 -> 20 | D60: =R35 -> 6181 | E60: =D60/$I60 -> 0.66300949 | F60: =T35 -> 1513 | G60: =F60/$I60 -> 0.16229305 | H60: =D35 -> 5463 | I60: =H60/K60*J60 -> 9322.6418 | J60: =((1+M60*0.01)/(1+O60*0.01))^N60 -> 2.6792143 | K60: =[1]Src!$AT7 -> 1.57 | L60: =J35*100 -> 26.63 | M60: =L60 -> 26.63 | N60: =N59 -> 7 | O60: 10
C61: =B36 -> 19 | D61: =R36 -> 4942 | E61: =D61/$I61 -> 35821.592 | F61: =T36 -> 1690 | G61: =F61/$I61 -> 12249.796 | H61: =D36 -> 1986 | I61: =H61/K61*J61 -> 0.13796148 | J61: =((1+M61*0.01)/(1+O61*0.01))^N61 -> 0.00021048504 | K61: =[1]Src!$AT8 -> 3.03 | L61: =J36*100 -> -67.18 | M61: =L61 -> -67.18 | N61: =N60 -> 7 | O61: 10
C62: =B37 -> 18 | D62: =R37 -> 6054 | E62: =D62/$I62 -> 2.6633421 | F62: =T37 -> 1251 | G62: =F62/$I62 -> 0.55035365 | H62: =D37 -> 3907 | I62: =H62/K62*J62 -> 2273.0839 | J62: =((1+M62*0.01)/(1+O62*0.01))^N62 -> 0.85524272 | K62: =[1]Src!$AT9 -> 1.47 | L62: =J37*100 -> 7.57 | M62: =L62 -> 7.57 | N62: =N61 -> 7 | O62: 10
C63: =B38 -> 17 | D63: =R38 -> 1271 | E63: =D63/$I63 -> 1.6528668 | F63: =T38 -> 1233 | G63: =F63/$I63 -> 1.6034498 | H63: =D38 -> 1251 | I63: =H63/K63*J63 -> 768.96699 | J63: =((1+M63*0.01)/(1+O63*0.01))^N63 -> 1.0388123 | K63: =[1]Src!$AT10 -> 1.69 | L63: =J38*100 -> 10.6 | M63: =L63 -> 10.6 | N63: =N62 -> 7 | O63: 10
C66: ○ PEER 비교
B68: avg | C68: ○ CCC 분석 | O68: avg대비율 | Y68: =L68 -> 0 | Z68: =V68 -> 0 | AA68: =N68 -> 0
B69: =AVERAGE(D69:L69) -> #REF! | C69: CCC 低 | D69: =#REF!+#REF!-#REF! -> #REF! | E69: =D221+D222-D223 -> -36.19 | F69: =E221+E222-E223 -> 112.2 | G69: =F221+F222-F223 -> 42.94 | H69: =G221+G222-G223 -> 14.48 | I69: =H221+H222-H223 -> 22.12 | J69: =I221+I222-I223 -> 22.95 | K69: =J221+J222-J223 -> 95.51 | L69: =K221+K222-K223 -> 38.72 | ... N69: =M221+M222-M223 -> 76.06 | O69: =N69/B69 -> #REF! | Y69: =L69 -> 38.72 | Z69: =V69 -> 0 | AA69: =N69 -> 76.06
B70: =AVERAGE(D70:L70) -> #REF! | C70: 주가대비 低 | D70: =D69*#REF!/1000 -> #REF! | E70: =E69*D176/1000 -> -45.99749 | F70: =F69*E176/1000 -> 140.3622 | G70: =G69*F176/1000 -> 167.76658 | H70: =H69*G176/1000 -> 28.75728 | I70: =I69*H176/1000 -> 120.84156 | J70: =J69*I176/1000 -> 82.7118 | K70: =K69*J176/1000 -> 738.86536 | L70: =L69*K176/1000 -> 453.7984 | ... N70: =N69*M176/1000 -> 478.4174 | O70: =N70/B70 -> #REF! | Y70: =L70 -> 453.7984 | Z70: =V70 -> 0 | AA70: =N70 -> 478.4174
C72: ○ 결론 | D72: 일자 | E72: 주가 | F72: 내용
C78: ○ DATA 정리
C82: 차트 데이터 정리 | N82: 5 | O82: 6 | P82: 7 | Y82: 5 | Z82: 6 | AA82: 7
C83: =C157 -> 연간 손익 요약 | D83: =D157 -> 16년 | E83: =E157 -> 17년 | F83: =F157 -> 18년 | G83: =G157 -> 19년 | H83: =H157 -> 20년 | I83: =I157 -> 21년 | J83: =J157 -> 22년 | ... M83: =M157 -> 25년3Q연환산 | N83: 24년 F | O83: 25년 F | P83: 26년 F | S83: =P157 -> 분기 손익계산서 | T83: =Q157 -> 24.3Q | U83: =R157 -> 24.4Q | V83: =S157 -> 25.1Q | W83: =T157 -> 25.2Q | X83: =U157 -> 25.3Q | Y83: 2Q | Z83: 3Q | AA83: 4Q | AC83: =Z157 -> 0
A84: 우 | B84: 매출액 | C84: =C158 -> 매출액 | D84: =D158 -> 716 | E84: =E158 -> 714 | F84: =F158 -> 791 | G84: =G158 -> 1041 | H84: =H158 -> 1120 | I84: =I158 -> 1218 | J84: =J158 -> 1706 | ... M84: =M158 -> 2217 | N84: =IFERROR(VLOOKUP($B84,[1]Src!$CM$13:$CS$39,N$82,0),"") | O84: =IFERROR(VLOOKUP($B84,[1]Src!$CM$13:$CS$39,O$82,0),"") | P84: =IFERROR(VLOOKUP($B84,[1]Src!$CM$13:$CS$39,P$82,0),"") | R84: =B84 -> 매출액 | S84: =P158 -> 매출액 | T84: =Q158 -> 444 | U84: =R158 -> 763 | V84: =S158 -> 444 | W84: =T158 -> 582 | X84: =U158 -> 428 | Y84: =IFERROR(VLOOKUP($B84,[1]Src!$CW$13:$DC$38,Y$82,0),"") | Z84: =IFERROR(VLOOKUP($B84,[1]Src!$CW$13:$DC$38,Z$82,0),"") | AA84: =IFERROR(VLOOKUP($B84,[1]Src!$CW$13:$DC$38,AA$82,0),"") | AC84: =Z158 -> 0 | AD84: =AB158 -> 0
A85: 우 | B85: 영업이익 | C85: =C159 -> 영업이익 | D85: =D159 -> 42 | E85: =E159 -> 35 | F85: =F159 -> 31 | G85: =G159 -> 31 | H85: =H159 -> 61 | I85: =I159 -> 58 | J85: =J159 -> 85 | ... M85: =M159 -> 160 | N85: =IFERROR(VLOOKUP($B85,[1]Src!$CM$13:$CS$39,N$82,0),"") | O85: =IFERROR(VLOOKUP($B85,[1]Src!$CM$13:$CS$39,O$82,0),"") | P85: =IFERROR(VLOOKUP($B85,[1]Src!$CM$13:$CS$39,P$82,0),"") | R85: =B85 -> 영업이익 | S85: =P159 -> 영업이익 | T85: =Q159 -> 25 | U85: =R159 -> 64 | V85: =S159 -> 6 | W85: =T159 -> 56 | X85: =U159 -> 34 | Y85: =IFERROR(VLOOKUP($B85,[1]Src!$CW$13:$DC$38,Y$82,0),"") | Z85: =IFERROR(VLOOKUP($B85,[1]Src!$CW$13:$DC$38,Z$82,0),"") | AA85: =IFERROR(VLOOKUP($B85,[1]Src!$CW$13:$DC$38,AA$82,0),"") | AC85: =Z159 -> 0 | AD85: =AB159 -> 0
A86: 우 | B86: =#REF! -> #REF! | C86: =C160 -> 지배순익 | D86: =D160 -> 21 | E86: =E160 -> 31 | F86: =F160 -> 23 | G86: =G160 -> -119 | H86: =H160 -> 60 | I86: =I160 -> 62 | J86: =J160 -> 61 | ... M86: =M160 -> 145 | N86: =IFERROR(VLOOKUP($B86,[1]Src!$CM$13:$CS$39,N$82,0),"") | O86: =IFERROR(VLOOKUP($B86,[1]Src!$CM$13:$CS$39,O$82,0),"") | P86: =IFERROR(VLOOKUP($B86,[1]Src!$CM$13:$CS$39,P$82,0),"") | R86: =#REF! -> #REF! | S86: =P160 -> 지배순익 | T86: =Q160 -> 17 | U86: =R160 -> 64 | V86: =S160 -> 5 | W86: =T160 -> 46 | X86: =U160 -> 30 | Y86: =IFERROR(VLOOKUP($B86,[1]Src!$CW$13:$DC$38,Y$82,0),"") | Z86: =IFERROR(VLOOKUP($B86,[1]Src!$CW$13:$DC$38,Z$82,0),"") | AA86: =IFERROR(VLOOKUP($B86,[1]Src!$CW$13:$DC$38,AA$82,0),"") | AC86: 지배주주순이익 | AD86: =AB160 -> 0
A87: 우 | C87: =C229 -> -매출원가 | D87: =D229 -> 0 | E87: =E229 -> 657 | F87: =F229 -> 667 | G87: =G229 -> 905 | H87: =H229 -> 949 | I87: =I229 -> 1024 | J87: =J229 -> 1448 | ... M87: =M229 -> 1818 | N87: =IFERROR(VLOOKUP($B87,[1]Src!$CM$13:$CS$39,N$82,0),"") | O87: =IFERROR(VLOOKUP($B87,[1]Src!$CM$13:$CS$39,O$82,0),"") | P87: =IFERROR(VLOOKUP($B87,[1]Src!$CM$13:$CS$39,P$82,0),"") | R87: =B87 -> 0 | S87: =P229 -> -매출원가 | T87: =Q229 -> 371 | U87: =R229 -> 619 | V87: =S229 -> 388 | W87: =T229 -> 469 | X87: =U229 -> 342 | Y87: =IFERROR(VLOOKUP($B87,[1]Src!$CW$13:$DC$38,Y$82,0),"") | Z87: =IFERROR(VLOOKUP($B87,[1]Src!$CW$13:$DC$38,Z$82,0),"") | AA87: =IFERROR(VLOOKUP($B87,[1]Src!$CW$13:$DC$38,AA$82,0),"") | AC87: =Z229 -> 0 | AD87: =AB229 -> 0
A88: 우 | C88: =C231 -> -판관비 | D88: =D231 -> 0 | E88: =E231 -> 41 | F88: =F231 -> 94 | G88: =G231 -> 105 | H88: =H231 -> 109 | I88: =I231 -> 136 | J88: =J231 -> 173 | ... M88: =M231 -> 240 | N88: =IFERROR(VLOOKUP($B88,[1]Src!$CM$13:$CS$39,N$82,0),"") | O88: =IFERROR(VLOOKUP($B88,[1]Src!$CM$13:$CS$39,O$82,0),"") | P88: =IFERROR(VLOOKUP($B88,[1]Src!$CM$13:$CS$39,P$82,0),"") | R88: =B88 -> 0 | S88: =P231 -> -판관비 | T88: =Q231 -> 48 | U88: =R231 -> 80 | V88: =S231 -> 51 | W88: =T231 -> 57 | X88: =U231 -> 52 | Y88: =IFERROR(VLOOKUP($B88,[1]Src!$CW$13:$DC$38,Y$82,0),"") | Z88: =IFERROR(VLOOKUP($B88,[1]Src!$CW$13:$DC$38,Z$82,0),"") | AA88: =IFERROR(VLOOKUP($B88,[1]Src!$CW$13:$DC$38,AA$82,0),"") | AC88: =Z231 -> 0 | AD88: =AB231 -> 0
A89: 좌 | B89: 전년동기대비(%) | C89: =C163 -> 매출액 증가율(%) | D89: =D163 -> 0 | E89: =E163 -> -0.28 | F89: =F163 -> 10.78 | G89: =G163 -> 31.61 | H89: =H163 -> 7.59 | I89: =I163 -> 8.75 | J89: =J163 -> 40.07 | ... M89: =M163 -> 11.18 | N89: =IFERROR(VLOOKUP($B89,[1]Src!$CM$13:$CS$39,N$82,0),"") -> 20.95 | O89: =IFERROR(VLOOKUP($B89,[1]Src!$CM$13:$CS$39,O$82,0),"") -> - | P89: =IFERROR(VLOOKUP($B89,[1]Src!$CM$13:$CS$39,P$82,0),"") -> - | R89: =B89 -> 전년동기대비(%) | S89: =P163 -> 매출액 증가율(%) | T89: =Q163 -> -15.27 | U89: =R163 -> -7.96 | V89: =S163 -> 34.14 | W89: =T163 -> 49.23 | X89: =U163 -> -3.6 | Y89: =IFERROR(VLOOKUP($B89,[1]Src!$CW$13:$DC$38,Y$82,0),"") -> 15.2 | Z89: =IFERROR(VLOOKUP($B89,[1]Src!$CW$13:$DC$38,Z$82,0),"") -> - | AA89: =IFERROR(VLOOKUP($B89,[1]Src!$CW$13:$DC$38,AA$82,0),"") -> - | AC89: =Z163 -> 0 | AD89: =AB163 -> 0
A90: 좌 | B90: 전년동기대비(%) | C90: =C164 -> 영업이익 증가율(%) | D90: =D164 -> 0 | E90: =E164 -> -16.67 | F90: =F164 -> -11.43 | G90: =G164 -> 0 | H90: =H164 -> 96.77 | I90: =I164 -> -4.92 | J90: =J164 -> 46.55 | ... M90: =M164 -> 95.12 | N90: =[1]Src!CQ18 -> 31.85 | O90: =[1]Src!CR18 -> - | P90: =[1]Src!CS18 -> - | R90: =B90 -> 전년동기대비(%) | S90: =P164 -> 영업이익 증가율(%) | T90: =Q164 -> -24.24 | U90: =R164 -> 64.1 | V90: =S164 -> 500 | W90: =T164 -> 229.41 | X90: =U164 -> 36 | Y90: =[1]Src!DA18 -> -28.61 | Z90: =[1]Src!DB18 -> - | AA90: =[1]Src!DC18 -> - | AC90: =Z158 -> 0 | AD90: =AB158 -> 0
C91: =C$83 -> 연간 손익 요약 | D91: =D$83 -> 16년 | E91: =E$83 -> 17년 | F91: =F$83 -> 18년 | G91: =G$83 -> 19년 | H91: =H$83 -> 20년 | I91: =I$83 -> 21년 | J91: =J$83 -> 22년 | ... P91: =P$83 -> 26년 F | S91: =S$83 -> 분기 손익계산서 | T91: =T$83 -> 24.3Q | U91: =U$83 -> 24.4Q | V91: =V$83 -> 25.1Q | W91: =W$83 -> 25.2Q | X91: =X$83 -> 25.3Q | Y91: =Y$83 -> 2Q | Z91: =Z$83 -> 3Q | AA91: =AA$83 -> 4Q | AC91: =Z159 -> 0 | AD91: =AB159 -> 0
A92: 우 | B92: 매출액 | C92: =C84 -> 매출액 | D92: =D84 -> 716 | E92: =E84 -> 714 | F92: =F84 -> 791 | G92: =G84 -> 1041 | H92: =H84 -> 1120 | I92: =I84 -> 1218 | J92: =J84 -> 1706 | ... M92: =M84 -> 2217 | N92: =IFERROR(VLOOKUP($B92,[1]Src!$CM$13:$CS$39,N$82,0),"") | O92: =IFERROR(VLOOKUP($B92,[1]Src!$CM$13:$CS$39,O$82,0),"") | P92: =IFERROR(VLOOKUP($B92,[1]Src!$CM$13:$CS$39,P$82,0),"") | R92: =B92 -> 매출액 | S92: =S84 -> 매출액 | T92: =T84 -> 444 | U92: =U84 -> 763 | V92: =V84 -> 444 | W92: =W84 -> 582 | X92: =X84 -> 428 | Y92: =IFERROR(VLOOKUP($B92,[1]Src!$CW$13:$DC$38,Y$82,0),"") | Z92: =IFERROR(VLOOKUP($B92,[1]Src!$CW$13:$DC$38,Z$82,0),"") | AA92: =IFERROR(VLOOKUP($B92,[1]Src!$CW$13:$DC$38,AA$82,0),"") | AC92: =AC84 -> 0 | AD92: =AD84 -> 0
A93: 좌 | C93: =C243 -> OPM | D93: =D243 -> 5.87 | E93: =E243 -> 4.9 | F93: =F243 -> 3.92 | G93: =G243 -> 2.98 | H93: =H243 -> 5.45 | I93: =I243 -> 4.76 | J93: =J243 -> 4.98 | ... M93: =M243 -> 7.22 | N93: =N85/N84*100 -> #VALUE! | O93: =O85/O84*100 -> #VALUE! | P93: =P85/P84*100 -> #VALUE! | R93: =B93 -> 0 | S93: =P243 -> OPM | T93: =Q243 -> 5.63 | U93: =R243 -> 8.39 | V93: =S243 -> 1.35 | W93: =T243 -> 9.62 | X93: =U243 -> 7.94 | Y93: =W243 -> 0 | Z93: =X243 -> 0 | AA93: =Y243 -> 0 | AC93: =Z243 -> 0 | AD93: =AB243 -> 0
A94: 좌 | C94: =C244 -> NPM | D94: =D244 -> 2.93 | E94: =E244 -> 4.34 | F94: =F244 -> 2.91 | G94: =G244 -> -11.43 | H94: =H244 -> 5.36 | I94: =I244 -> 5.09 | J94: =J244 -> 3.58 | ... M94: =M244 -> 6.54 | N94: =N86/N84*100 -> #VALUE! | O94: =O86/O84*100 -> #VALUE! | P94: =P86/P84*100 -> #VALUE! | R94: =B94 -> 0 | S94: =P244 -> NPM | T94: =Q244 -> 3.83 | U94: =R244 -> 8.39 | V94: =S244 -> 1.13 | W94: =T244 -> 7.9 | X94: =U244 -> 7.01 | Y94: =W244 -> 0 | Z94: =X244 -> 0 | AA94: =Y244 -> 0 | AC94: =Z244 -> 0 | AD94: =AB244 -> 0
A95: 좌 | C95: =C242 -> GPM | D95: =D242 -> 0 | E95: =E242 -> 7.98 | F95: =F242 -> 15.68 | G95: =G242 -> 13.06 | H95: =H242 -> 15.27 | I95: =I242 -> 15.93 | J95: =J242 -> 15.12 | ... M95: =M242 -> 18 | N95: =IFERROR(VLOOKUP($B95,[1]Src!$CM$13:$CS$39,N$82,0),"") | O95: =IFERROR(VLOOKUP($B95,[1]Src!$CM$13:$CS$39,O$82,0),"") | P95: =IFERROR(VLOOKUP($B95,[1]Src!$CM$13:$CS$39,P$82,0),"") | R95: =B95 -> 0 | S95: =P242 -> GPM | T95: =Q242 -> 16.44 | U95: =R242 -> 18.87 | V95: =S242 -> 12.61 | W95: =T242 -> 19.42 | X95: =U242 -> 20.09 | Y95: =W242 -> 0 | Z95: =X242 -> 0 | AA95: =Y242 -> 0 | AC95: =Z242 -> 0 | AD95: =AB242 -> 0
A96: 좌 | C96: 원가율 | D96: =IF(D87/D$84=0,"",D87/D$84*100) | E96: =IF(E87/E$84=0,"",E87/E$84*100) -> 92.016807 | F96: =IF(F87/F$84=0,"",F87/F$84*100) -> 84.323641 | G96: =IF(G87/G$84=0,"",G87/G$84*100) -> 86.935639 | H96: =IF(H87/H$84=0,"",H87/H$84*100) -> 84.732143 | I96: =IF(I87/I$84=0,"",I87/I$84*100) -> 84.07225 | J96: =IF(J87/J$84=0,"",J87/J$84*100) -> 84.876905 | K96: =IF(K87/K$84=0,"",K87/K$84*100) -> 85.377778 | ... P96: =IF(P87/P$84=0,"",P87/P$84*100) -> #VALUE!
A97: 좌 | C97: 판관비율 | D97: =IF(D88/D$84=0,"",D88/D$84*100) | E97: =IF(E88/E$84=0,"",E88/E$84*100) -> 5.7422969 | F97: =IF(F88/F$84=0,"",F88/F$84*100) -> 11.883692 | G97: =IF(G88/G$84=0,"",G88/G$84*100) -> 10.086455 | H97: =IF(H88/H$84=0,"",H88/H$84*100) -> 9.7321429 | I97: =IF(I88/I$84=0,"",I88/I$84*100) -> 11.165846 | J97: =IF(J88/J$84=0,"",J88/J$84*100) -> 10.14068 | K97: =IF(K88/K$84=0,"",K88/K$84*100) -> 8.4 | ... P97: =IF(P88/P$84=0,"",P88/P$84*100) -> #VALUE! | R97: =B97 -> 0
A98: 좌 | C98: =C211 -> ROE | D98: =D211 -> 0 | E98: =E211 -> 10.6 | F98: =F211 -> 7.57 | G98: =G211 -> -67.18 | H98: =H211 -> 26.63 | I98: =I86/AVERAGE(H127:I127)*100 -> 23.984526 | J98: =J86/AVERAGE(I127:J127)*100 -> 18.944099 | K98: =K86/AVERAGE(J127:K127)*100 -> 25.830258 | L98: =L86/AVERAGE(K127:L127)*100 -> 19.019019 | M98: =M86/AVERAGE(L127:M127)*100 -> 25.327511 | N98: =E19 -> 19.019019 | O98: =F19 -> #VALUE! | P98: =G19 -> #VALUE! | R98: =B98 -> 0 | S98: =P211 -> 0 | T98: =R211 -> 0 | U98: =S211 -> 0 | V98: =T211 -> 0 | W98: =U211 -> 0 | Y98: =W211 -> 0 | Z98: =X211 -> 0 | AA98: =Y211 -> 0 | AC98: =Z211 -> 0 | AD98: =AB211 -> 0
A99: 좌 | C99: =C212 -> ROA | D99: =D212 -> 0 | E99: =E212 -> 5.19 | F99: =F212 -> 4.44 | G99: =G212 -> -18.06 | H99: =H212 -> 11.82 | I99: =I212 -> 8.16 | J99: =J212 -> 5.09 | ... M99: =M212 -> 10.88 | N99: =IFERROR(VLOOKUP($B99,[1]Src!$CM$13:$CS$39,N$82,0),"") | O99: =IFERROR(VLOOKUP($B99,[1]Src!$CM$13:$CS$39,O$82,0),"") | P99: =IFERROR(VLOOKUP($B99,[1]Src!$CM$13:$CS$39,P$82,0),"") | R99: =B99 -> 0 | S99: =P212 -> 0 | T99: =R212 -> 0 | U99: =S212 -> 0 | V99: =T212 -> 0 | W99: =U212 -> 0 | X99: =V212 -> 0 | Y99: =W212 -> 0 | Z99: =X212 -> 0 | AA99: =Y212 -> 0 | AC99: =Z212 -> 0 | AD99: =AB212 -> 0
C100: =C$83 -> 연간 손익 요약 | D100: =D$83 -> 16년 | E100: =E$83 -> 17년 | F100: =F$83 -> 18년 | G100: =G$83 -> 19년 | H100: =H$83 -> 20년 | I100: =I$83 -> 21년 | J100: =J$83 -> 22년 | ... P100: =P$83 -> 26년 F | S100: =S$83 -> 분기 손익계산서 | T100: =T$83 -> 24.3Q | U100: =U$83 -> 24.4Q | V100: =V$83 -> 25.1Q | W100: =W$83 -> 25.2Q | X100: =X$83 -> 25.3Q | Y100: =Y$83 -> 2Q | Z100: =Z$83 -> 3Q | AA100: =AA$83 -> 4Q | AC100: =Z168 -> 0 | AD100: =AB168 -> 0
A101: 좌 | C101: =C217 -> 부채비율(%) | D101: =D217 -> 123.15 | E101: =E217 -> 104.38 | F101: =F217 -> 70.54 | G101: =G217 -> 271.89 | H101: =H217 -> 125.38 | I101: =I217 -> 164.77 | J101: =J217 -> 237.66 | ... M101: =M217 -> 118.65 | N101: =IFERROR(VLOOKUP($B101,[1]Src!$CM$13:$CS$39,N$82,0),"") | O101: =IFERROR(VLOOKUP($B101,[1]Src!$CM$13:$CS$39,O$82,0),"") | P101: =IFERROR(VLOOKUP($B101,[1]Src!$CM$13:$CS$39,P$82,0),"") | R101: =B101 -> 0 | S101: =P217 -> 0 | T101: =R217 -> 0 | U101: =S217 -> 0 | V101: =T217 -> 0 | W101: =U217 -> 0 | X101: =V217 -> 0 | Y101: =W217 -> 0 | Z101: =X217 -> 0 | AA101: =Y217 -> 0 | AC101: =Z217 -> 0 | AD101: =AB217 -> 0
A102: 좌 | C102: =C219 -> 유동비율(%) | D102: =D219 -> 201.29 | E102: =E219 -> 205.29 | F102: =F219 -> 253.61 | G102: =G219 -> 135.12 | H102: =H219 -> 199.69 | I102: =I219 -> 166.29 | J102: =J219 -> 135.42 | ... M102: =M219 -> 199.1 | N102: =IFERROR(VLOOKUP($B102,[1]Src!$CM$13:$CS$39,N$82,0),"") | O102: =IFERROR(VLOOKUP($B102,[1]Src!$CM$13:$CS$39,O$82,0),"") | P102: =IFERROR(VLOOKUP($B102,[1]Src!$CM$13:$CS$39,P$82,0),"") | R102: =B102 -> 0 | S102: =P219 -> 0 | T102: =R219 -> 0 | U102: =S219 -> 0 | V102: =T219 -> 0 | W102: =U219 -> 0 | X102: =V219 -> 0 | Y102: =W219 -> 0 | Z102: =X219 -> 0 | AA102: =Y219 -> 0 | AC102: =Z219 -> 0 | AD102: =AB219 -> 0
A103: 우 | C103: =C221 -> 매출채권회전일수 | D103: =D221 -> 0 | E103: =E221 -> 128.65 | F103: =F221 -> 82.84 | G103: =G221 -> 53.29 | H103: =H221 -> 49.2 | I103: =I221 -> 48.41 | J103: =J221 -> 56.06 | ... M103: =M221 -> 37.87 | N103: =IFERROR(VLOOKUP($B103,[1]Src!$CM$13:$CS$39,N$82,0),"") | O103: =IFERROR(VLOOKUP($B103,[1]Src!$CM$13:$CS$39,O$82,0),"") | P103: =IFERROR(VLOOKUP($B103,[1]Src!$CM$13:$CS$39,P$82,0),"") | R103: =B103 -> 0 | S103: =P221 -> 0 | T103: =R221 -> 0 | U103: =S221 -> 0 | V103: =T221 -> 0 | W103: =U221 -> 0 | X103: =V221 -> 0 | Y103: =W221 -> 0 | Z103: =X221 -> 0 | AA103: =Y221 -> 0 | AC103: =Z221 -> 0 | AD103: =AB221 -> 0
A104: 우 | C104: =C222 -> 재고자산회전일수 | D104: =D222 -> 0 | E104: =E222 -> 37.23 | F104: =F222 -> 21.93 | G104: =G222 -> 40.43 | H104: =H222 -> 25.06 | I104: =I222 -> 50.66 | J104: =J222 -> 103.42 | ... M104: =M222 -> 61.57 | N104: =IFERROR(VLOOKUP($B104,[1]Src!$CM$13:$CS$39,N$82,0),"") | O104: =IFERROR(VLOOKUP($B104,[1]Src!$CM$13:$CS$39,O$82,0),"") | P104: =IFERROR(VLOOKUP($B104,[1]Src!$CM$13:$CS$39,P$82,0),"") | R104: =B104 -> 0 | S104: =P222 -> 0 | T104: =R222 -> 0 | U104: =S222 -> 0 | V104: =T222 -> 0 | W104: =U222 -> 0 | X104: =V222 -> 0 | Y104: =W222 -> 0 | Z104: =X222 -> 0 | AA104: =Y222 -> 0 | AC104: =Z222 -> 0 | AD104: =AB222 -> 0
A105: 우 | C105: =C223 -> 매입채무회전일수 | D105: =D223 -> 36.19 | E105: =E223 -> 53.68 | F105: =F223 -> 61.83 | G105: =G223 -> 79.24 | H105: =H223 -> 52.14 | I105: =I223 -> 76.12 | J105: =J223 -> 63.97 | ... M105: =M223 -> 23.38 | N105: =IFERROR(VLOOKUP($B105,[1]Src!$CM$13:$CS$39,N$82,0),"") | O105: =IFERROR(VLOOKUP($B105,[1]Src!$CM$13:$CS$39,O$82,0),"") | P105: =IFERROR(VLOOKUP($B105,[1]Src!$CM$13:$CS$39,P$82,0),"") | R105: =B105 -> 0 | S105: =P223 -> 0 | T105: =R223 -> 0 | U105: =S223 -> 0 | V105: =T223 -> 0 | W105: =U223 -> 0 | X105: =V223 -> 0 | Y105: =W223 -> 0 | Z105: =X223 -> 0 | AA105: =Y223 -> 0 | AC105: =Z223 -> 0 | AD105: =AB223 -> 0
A106: 우 | C106: =C224 -> 현금회전일수 | D106: =D224 -> -36.19 | E106: =E224 -> 112.2 | F106: =F224 -> 42.94 | G106: =G224 -> 14.48 | H106: =H224 -> 22.12 | I106: =I224 -> 22.95 | J106: =J224 -> 95.51 | ... M106: =M224 -> 76.06 | N106: =IFERROR(VLOOKUP($B106,[1]Src!$CM$13:$CS$39,N$82,0),"") | O106: =IFERROR(VLOOKUP($B106,[1]Src!$CM$13:$CS$39,O$82,0),"") | P106: =IFERROR(VLOOKUP($B106,[1]Src!$CM$13:$CS$39,P$82,0),"") | R106: =B106 -> 0 | S106: =P224 -> 0 | T106: =R224 -> 0 | U106: =S224 -> 0 | V106: =T224 -> 0 | W106: =U224 -> 0 | X106: =V224 -> 0 | Y106: =W224 -> 0 | Z106: =X224 -> 0 | AA106: =Y224 -> 0 | AC106: =Z224 -> 0 | AD106: =AB224 -> 0
C107: =C$83 -> 연간 손익 요약 | D107: =D$83 -> 16년 | E107: =E$83 -> 17년 | F107: =F$83 -> 18년 | G107: =G$83 -> 19년 | H107: =H$83 -> 20년 | I107: =I$83 -> 21년 | J107: =J$83 -> 22년 | ... P107: =P$83 -> 26년 F | S107: =S$83 -> 분기 손익계산서 | T107: =T$83 -> 24.3Q | U107: =U$83 -> 24.4Q | V107: =V$83 -> 25.1Q | W107: =W$83 -> 25.2Q | X107: =X$83 -> 25.3Q | Y107: =Y$83 -> 2Q | Z107: =Z$83 -> 3Q | AA107: =AA$83 -> 4Q | AC107: =Z175 -> 0 | AD107: =AB175 -> 0
B108: 매출액 | C108: =C84 -> 매출액 | D108: =D84 -> 716 | E108: =E84 -> 714 | F108: =F84 -> 791 | G108: =G84 -> 1041 | H108: =H84 -> 1120 | I108: =I84 -> 1218 | J108: =J84 -> 1706 | ... M108: =M84 -> 2217 | N108: =IFERROR(VLOOKUP($B108,[1]Src!$CM$13:$CS$39,N$82,0),"") | O108: =IFERROR(VLOOKUP($B108,[1]Src!$CM$13:$CS$39,O$82,0),"") | P108: =IFERROR(VLOOKUP($B108,[1]Src!$CM$13:$CS$39,P$82,0),"") | R108: =B108 -> 매출액 | S108: =S84 -> 매출액 | T108: =T84 -> 444 | U108: =U84 -> 763 | V108: =V84 -> 444 | W108: =W84 -> 582 | X108: =X84 -> 428 | Y108: =Y84 | Z108: =Z84 | AA108: =AA84 | AC108: =AC84 -> 0 | AD108: =AD84 -> 0
B109: 당기순이익 | C109: =C252 -> 당기순이익 | D109: =D252 -> 0 | E109: =E252 -> 18 | F109: =F252 -> 23 | G109: =G252 -> -119 | H109: =H252 -> 60 | I109: =I252 -> 63 | J109: =J252 -> 61 | ... M109: =M252 -> 145 | N109: =IFERROR(VLOOKUP($B109,[1]Src!$CM$13:$CS$39,N$82,0),"") | O109: =IFERROR(VLOOKUP($B109,[1]Src!$CM$13:$CS$39,O$82,0),"") | P109: =IFERROR(VLOOKUP($B109,[1]Src!$CM$13:$CS$39,P$82,0),"") | R109: =B109 -> 당기순이익 | S109: =P252 -> 당기순이익 | T109: =Q252 -> 18 | U109: =R252 -> 64 | V109: =S252 -> 5 | W109: =T252 -> 46 | X109: =U252 -> 30 | Y109: =W252 -> 0 | Z109: =X252 -> 0 | AA109: =Y252 -> 0 | AC109: =Z252 -> 0 | AD109: =AB252 -> 0
C110: =C251 -> 영업활동현금흐름 | D110: =D251 -> 0 | E110: =E251 -> 51 | F110: =F251 -> 20 | G110: =G251 -> -9 | H110: =H251 -> 11 | I110: =I251 -> 88 | J110: =J251 -> -352 | ... M110: =M251 -> 316 | N110: =IFERROR(VLOOKUP($B110,[1]Src!$CM$13:$CS$39,N$82,0),"") | O110: =IFERROR(VLOOKUP($B110,[1]Src!$CM$13:$CS$39,O$82,0),"") | P110: =IFERROR(VLOOKUP($B110,[1]Src!$CM$13:$CS$39,P$82,0),"") | R110: =B110 -> 0 | S110: =P251 -> 영업활동현금흐름 | T110: =Q251 -> -39 | U110: =R251 -> 294 | V110: =S251 -> 26 | W110: =T251 -> -6 | X110: =U251 -> 2 | Y110: =W251 -> 0 | Z110: =X251 -> 0 | AA110: =Y251 -> 0 | AC110: =Z251 -> 0 | AD110: =AB251 -> 0
C111: =C256 -> 재무활동현금흐름 | D111: =D256 -> 0 | E111: =E256 -> -68 | F111: =F256 -> 85 | G111: =G256 -> 105 | H111: =H256 -> -134 | I111: =I256 -> 45 | J111: =J256 -> 260 | ... M111: =M256 -> -83 | N111: =IFERROR(VLOOKUP($B111,[1]Src!$CM$13:$CS$39,N$82,0),"") | O111: =IFERROR(VLOOKUP($B111,[1]Src!$CM$13:$CS$39,O$82,0),"") | P111: =IFERROR(VLOOKUP($B111,[1]Src!$CM$13:$CS$39,P$82,0),"") | R111: =B111 -> 0 | S111: =P256 -> 재무활동현금흐름 | T111: =Q256 -> 28 | U111: =R256 -> -105 | V111: =S256 -> 31 | W111: =T256 -> -17 | X111: =U256 -> 8 | Y111: =W256 -> 0 | Z111: =X256 -> 0 | AA111: =Y256 -> 0 | AC111: =Z256 -> 0 | AD111: =AB256 -> 0
C112: =C255 -> 설비투자 | D112: =D255 -> 0 | E112: =E255 -> 0 | F112: =F255 -> 3 | G112: =G255 -> 7 | H112: =H255 -> 1 | I112: =I255 -> 1 | J112: =J255 -> 1 | ... M112: =M255 -> 2 | N112: =IFERROR(VLOOKUP($B112,[1]Src!$CM$13:$CS$39,N$82,0),"") | O112: =IFERROR(VLOOKUP($B112,[1]Src!$CM$13:$CS$39,O$82,0),"") | P112: =IFERROR(VLOOKUP($B112,[1]Src!$CM$13:$CS$39,P$82,0),"") | R112: =B112 -> 0 | S112: =P255 -> 설비투자 | T112: =Q255 -> 0 | U112: =R255 -> 0 | V112: =S255 -> 1 | W112: =T255 -> 1 | X112: =U255 -> 0 | Y112: =W255 -> 0 | Z112: =X255 -> 0 | AA112: =Y255 -> 0 | AC112: =Z255 -> 0 | AD112: =AB255 -> 0
C113: =C257 -> FCF | D113: =D257 -> 0 | E113: =E257 -> 51 | F113: =F257 -> 17 | G113: =G257 -> -16 | H113: =H257 -> 10 | I113: =I257 -> 88 | J113: =J257 -> -354 | ... M113: =M257 -> 314 | N113: =IFERROR(VLOOKUP($B113,[1]Src!$CM$13:$CS$39,N$82,0),"") | O113: =IFERROR(VLOOKUP($B113,[1]Src!$CM$13:$CS$39,O$82,0),"") | P113: =IFERROR(VLOOKUP($B113,[1]Src!$CM$13:$CS$39,P$82,0),"") | R113: =B113 -> 0 | S113: =P257 -> FCF | T113: =Q257 -> -39 | U113: =R257 -> 294 | V113: =S257 -> 25 | W113: =T257 -> -7 | X113: =U257 -> 2 | Y113: =W257 -> 0 | Z113: =X257 -> 0 | AA113: =Y257 -> 0 | AC113: =Z257 -> 0 | AD113: =AB257 -> 0
...

Sheet Sheet2
A1: v1.5 | C1: =[1]ROE!C2 -> 오파스넷 | D1: 현재가 | E1: SCORE | F1: 現배당율 | G1: 매수목표 | H1: SCORE | I1: T배당율 | J1: 46071 | K1: SCORE | L1: EPS'24 | N1: SCORE | Q1: FnGuide EPS | R1: 23 | S1: 24 | T1: 25 | U1: 26 | V1: =Y8 -> #VALUE! | W1: 24 Fn | X1: 1Q | Y1: 2Q | Z1: 3Q | AA1: 4Q | AB1: 1 | AC1: 4 | AD1: =AC1+1 -> 5 | AE1: =AD1+1 -> 6 | AF1: =AE1+1 -> 7 | AG1: 3Q | AH1: 4Q | AJ1: 증가율 | AK1: =[1]①DATA!E18 -> 18년 | AL1: =[1]①DATA!F18 -> 19년 | AM1: =[1]①DATA!G18 -> 20년 | AN1: =[1]①DATA!H18 -> 21년 | AO1: =[1]①DATA!I18 -> 22년 | AP1: =[1]①DATA!J18 -> 23년 | AQ1: =[1]①DATA!K18 -> 24년 | AR1: =[1]①DATA!L18 -> 25년3Q연환산
D2: =IFERROR(__xludf.DUMMYFUNCTION("iferror(GoogleFinance(""kosdaq:""&C3, ""price""),GoogleFinance(""krx:""&C3, ""price""))"),7150) -> 7150 | E2: =E4+H4 -> #VALUE! | F2: =[1]배당!$T$2/D2 -> 0.016783217 | G2: =G4*1.1 -> #VALUE! | H2: =D4/G2-1+G4/G2-1 -> #VALUE! | I2: =[1]배당!$T$2/G2 -> #VALUE! | J2: =IFERROR(__xludf.DUMMYFUNCTION("iferror(index((GoogleFinance(""kosdaq:""&$C$3, ""price"", $J$1-1)),2,2),index((GoogleFinance(""krx:""&$C$3, ""price"", $J$1-1)),2,2))"),7430) -> 7430 | K2: =E4+H4 -> #VALUE! | L2: =Y6 -> #VALUE! | N2: =D4/G2-1+G4/G2-1 -> #VALUE! | P2: Fwd | Q2: 24-25평균 | R2: =[1]Src!CO5 -> 801.31 | S2: =[1]Src!CP5 -> 731.6 | T2: =[1]Src!CQ5 -> 921 | U2: =[1]Src!CR5 -> - | V2: =V1 -> #VALUE! | W2: EPS(원) | X2: =VLOOKUP($W$2,[1]Src!$CW$13:$DC$34,AB1,0) -> EPS(원) | Y2: =VLOOKUP($W$2,[1]Src!$CW$13:$DC$34,AC1,0) -> 233.48 | Z2: =VLOOKUP($W$2,[1]Src!$CW$13:$DC$34,AD1,0) -> 302 | AA2: =VLOOKUP($W$2,[1]Src!$CW$13:$DC$34,AE1,0) -> - | AG2: 0.9 | AH2: =2-AG2 -> 1.1 | AJ2: 매출액 | AK2: =[1]①DATA!E23 -> 10.78 | AL2: =[1]①DATA!F23 -> 31.61 | AM2: =[1]①DATA!G23 -> 7.59 | AN2: =[1]①DATA!H23 -> 8.75 | AO2: =[1]①DATA!I23 -> 40.07 | AP2: =[1]①DATA!J23 -> 31.89 | AQ2: =[1]①DATA!K23 -> -14.27 | AR2: =[1]①DATA!L23 -> 11.18
C3: =VLOOKUP(C1,[1]종목코드!$B:$N,13,0) -> 173130 | D3: TOP | E3: 수익률 | F3: 배당율 | G3: BASE | H3: 방어율 | I3: 배당율 | J3: 지표1 | K3: 선택값 | L3: T | M3: YOY | N3: EPS조정 | O3: 지표2 | P3: T | Q3: B | R3: 키워드 | S3: 번호 | T3: 투자포인트 | U3: 시점 | V3: 리스크 | W3: 종합현황 | X3: 비고 | Y3: 시나리오1 | Z3: 시나리오2 | AA3: 시나리오3 | AG3: *B 3,4Q비중 | AJ3: 이익 | AK3: =[1]①DATA!E24 -> -11.43 | AL3: =[1]①DATA!F24 -> 0 | AM3: =[1]①DATA!G24 -> 96.77 | AN3: =[1]①DATA!H24 -> -4.92 | AO3: =[1]①DATA!I24 -> 46.55 | AP3: =[1]①DATA!J24 -> 64.71 | AQ3: =[1]①DATA!K24 -> -23.57 | AR3: =[1]①DATA!L24 -> 95.12
B4: SCN1 기본 | C4: EPS Md * PE Md | D4: =$K4*$P4 -> #VALUE! | E4: =D4/$D$2-1 -> #VALUE! | F4: =[1]배당!$T$2/D4 -> #VALUE! | G4: =$K4*$Q4 -> #VALUE! | H4: =G4/$D$2-1 -> #VALUE! | I4: =[1]배당!$T$2/G4 -> #VALUE! | J4: EPS | K4: =L4 -> #VALUE! | L4: =AVERAGE($V$2)*N4 -> #VALUE! | M4: =L4/$Y$7*100-100 -> #VALUE! | N4: 1 | O4: P/E (Fwd) | P4: 10.3 | Q4: 6 | S4: 1 | U4: 현재P/E 12MF | W4: =[1]ROE!C15 -> 1 | Y4: ver.B用 | Z4: =SUM(X2:Z2) -> 535.48 | AB4: *B 90% 보수적 적용하기 | AD4: 1 | AF4: 2 | AJ4: 3 | AK4: {=INDEX($D$11:$D$223,$AJ$4)} -> #VALUE! | AL4: =AJ7=Y6 -> #VALUE!
B5: SCN2 양호 | C5: EPS Md * PE Mx | D5: =$K5*$P5 -> #VALUE! | E5: =D5/$D$2-1 -> #VALUE! | F5: =[1]배당!$T$2/D5 -> #VALUE! | G5: =$K5*$Q5 -> #VALUE! | H5: =G5/$D$2-1 -> #VALUE! | I5: =[1]배당!$T$2/G5 -> #VALUE! | J5: EPS | K5: =L5 -> #VALUE! | L5: =AVERAGE($V$2)*N5 -> #VALUE! | M5: =L5/$Y$7*100-100 -> #VALUE! | N5: 1 | O5: P/E (Fwd) | P5: 12 | Q5: 6 | S5: 2 | U5: =D2/V2 -> #VALUE! | V5: 분기 | W5: 예상EPS | X5: YOY | Y5: 연간 EPS | Z5: YOY | AA5: 컨센대비 | AB5: CAGR | AC5: 분기 | AD5: B.예상EPS | AE5: B구성비 | AF5: A.예상EPS | AG5: A예상할증 | AH5: A'24EPS | AJ5: CAGR(Yrs) | AL5: *A 사업보고서 | AN5: =AN6/AN10-1 -> #VALUE! | AO5: =AO6/AO10-1 -> #VALUE! | AP5: =AP6/AP10-1 -> #VALUE!
B6: SCN3 실망 | C6: EPS Mn * PE Mn | D6: =$K6*$P6 -> #VALUE! | E6: =D6/$D$2-1 -> #VALUE! | F6: =[1]배당!$T$2/D6 -> #VALUE! | G6: =$K6*$Q6 -> #VALUE! | H6: =G6/$D$2-1 -> #VALUE! | I6: =[1]배당!$T$2/G6 -> #VALUE! | J6: EPS | K6: =L6 -> #VALUE! | L6: =AVERAGE($V$2)*N6 -> #VALUE! | M6: =L6/$Y$7*100-100 -> #VALUE! | N6: 0.9 | O6: P/E (Fwd) | P6: 8.5 | Q6: 5 | S6: 3 | T6: EPS '25 | U6: =SUM(W10:W13) -> #VALUE! | V6: =IF(INT(MID(V7,4,1))<4,INT(LEFT(V7,2))&"."&INT(MID(V7,4,1))+1&"Q",INT(LEFT(V7,2))+1&"."&INT(MID(V7,4,1))-3&"Q") -> #VALUE! | W6: =VLOOKUP(V6,$AC$6:$AI$144,W$4*2,0) -> #VALUE! | X6: =W6/W10-1 -> #VALUE! | Y6: =SUM(W14:W17) -> #VALUE! | Z6: =AK7 -> #VALUE! | AA6: =Y6/S2 -> #VALUE! | AB6: =AB7*AB8 -> 0 | AC6: =IF(INT(MID(AC7,4,1))<4,INT(LEFT(AC7,2))&"."&INT(MID(AC7,4,1))+1&"Q",INT(LEFT(AC7,2))+1&"."&INT(MID(AC7,4,1))-3&"Q") -> #VALUE! | AD6: =AD10*(1+$AB$11) -> #VALUE! | AE6: =AD6/$Y$7 -> #VALUE! | AF6: =$U$2*AG6*AF10/SUM($AF$10:$AF$13) -> #VALUE! | AG6: 0.9 | AI6: 26 | AJ6: =Y11 -> #VALUE! | AK6: =Z11 -> #VALUE! | AL6: =AL9 -> 분기 | AP6: =AR6*AN6 -> 0 | AQ6: =AQ10 -> 0.73809524 | AR6: =AR10 -> 5.7777778
B7: SCN4 최상 | C7: EPS Mx * PE Mx | D7: =$K7*$P7 -> #VALUE! | E7: =D7/$D$2-1 -> #VALUE! | F7: =[1]배당!$T$2/D7 -> #VALUE! | G7: =$K7*$Q7 -> #VALUE! | H7: =G7/$D$2-1 -> #VALUE! | I7: =[1]배당!$T$2/G7 -> #VALUE! | J7: EPS | K7: =L7 -> #VALUE! | L7: =AVERAGE($V$2)*N7 -> #VALUE! | M7: =L7/$Y$7*100-100 -> #VALUE! | N7: 1.1 | O7: P/E (Fwd) | P7: 15 | Q7: =Q5 -> 6 | S7: 4 | T7: '24 | U7: =SUM(W14:W17) -> #VALUE! | V7: =IF(INT(MID(V8,4,1))<4,INT(LEFT(V8,2))&"."&INT(MID(V8,4,1))+1&"Q",INT(LEFT(V8,2))+1&"."&INT(MID(V8,4,1))-3&"Q") -> #VALUE! | W7: =VLOOKUP(V7,$AC$6:$AI$144,W$4*2,0) -> #VALUE! | X7: =W7/W11-1 -> #VALUE! | Y7: =SUM(W10:W13) -> #VALUE! | Z7: =Y7/Y6-1 -> #VALUE! | AA7: =Y7/T2 -> #VALUE! | AC7: =IF(INT(MID(AC8,4,1))<4,INT(LEFT(AC8,2))&"."&INT(MID(AC8,4,1))+1&"Q",INT(LEFT(AC8,2))+1&"."&INT(MID(AC8,4,1))-3&"Q") -> #VALUE! | AD7: =AD11*(1+$AB$11) -> #VALUE! | AE7: =AD7/$Y$7 -> #VALUE! | AF7: =$U$2*AG7*AF11/SUM($AF$10:$AF$13) -> #VALUE! | AG7: 0.9 | AI7: =AI6-1 -> 25 | AJ7: {=INDEX($L$11:$L$223,$AJ$4)} -> #VALUE! | AK7: =($AJ$7/AJ8)^(1/(ROW(AJ8)-ROW($AJ$7))) - 1 -> #VALUE! | AL7: *A 컨센서스 값기준 | AR7: 주식수
C8: Fd PER 모델 | V8: =IF(INT(MID(V9,4,1))<4,INT(LEFT(V9,2))&"."&INT(MID(V9,4,1))+1&"Q",INT(LEFT(V9,2))+1&"."&INT(MID(V9,4,1))-3&"Q") -> #VALUE! | W8: =VLOOKUP(V8,$AC$6:$AI$144,W$4*2,0) -> #VALUE! | X8: =W8/W12-1 -> #VALUE! | Y8: =SUM(W6:W9) -> #VALUE! | Z8: =Y8/Y7-1 -> #VALUE! | AA8: =Y8/U2 -> #VALUE! | AB8: 1 | AC8: =IF(INT(MID(AC9,4,1))<4,INT(LEFT(AC9,2))&"."&INT(MID(AC9,4,1))+1&"Q",INT(LEFT(AC9,2))+1&"."&INT(MID(AC9,4,1))-3&"Q") -> #VALUE! | AD8: =AD12*(1+$AB$11) -> #VALUE! | AE8: =AD8/$Y$7 -> #VALUE! | AF8: =$U$2*AG8*AF12/SUM($AF$10:$AF$13) -> #VALUE! | AG8: 0.9 | AH8: =SUM(AF10:AF13) -> #VALUE! | AI8: =AI7-1 -> 24 | AJ8: {=INDEX($L$11:$L$223,$AJ$4+4)} -> 731 | AK8: =($AJ$7/AJ9)^(1/(ROW(AJ9)-ROW($AJ$7))) - 1 -> #VALUE! | AL8: =D14 -> #VALUE! | AM8: =VLOOKUP(AM$9,[1]Src!$CW$13:$DC$34,$AE$1,0) -> #N/A | AN8: =VLOOKUP(AN$9,[1]Src!$CW$13:$DC$34,$AE$1,0) -> #N/A | AO8: =VLOOKUP(AO$9,[1]Src!$CW$13:$DC$34,$AE$1,0) -> - | AP8: =VLOOKUP(AP$9,[1]Src!$CW$13:$DC$34,$AE$1,0) -> - | AQ8: 예상EPS | AR8: =AO14/AP14 -> 0.12875536
C9: =C1 -> 오파스넷 | D9: =VLOOKUP(C9,[1]종목코드!$B:$N,13,0) -> 173130 | E9: 고가 | F9: 저가 | G9: 종가 | H9: EPS Q | I9: EPS Y | J9: P/E (Fd) | L9: EPS Y | M9: P/E (TTM) | O9: EPS Y | P9: P/E (Y0) | R9: EPS Y | S9: P/E (Y1) | U9: EPS YOY | V9: =IF(INT(MID(V10,4,1))<4,INT(LEFT(V10,2))&"."&INT(MID(V10,4,1))+1&"Q",INT(LEFT(V10,2))+1&"."&INT(MID(V10,4,1))-3&"Q") -> #VALUE! | W9: =VLOOKUP(V9,$AC$6:$AI$144,W$4*2,0) -> #VALUE! | X9: =W9/W13-1 -> #VALUE! | AB9: =Z7 -> #VALUE! | AC9: =IF(INT(MID(AC10,4,1))<4,INT(LEFT(AC10,2))&"."&INT(MID(AC10,4,1))+1&"Q",INT(LEFT(AC10,2))+1&"."&INT(MID(AC10,4,1))-3&"Q") -> #VALUE! | AD9: =AD13*(1+$AB$11) -> #VALUE! | AE9: =AD9/$Y$7 -> #VALUE! | AF9: =$U$2*AG9*AF13/SUM($AF$10:$AF$13) -> #VALUE! | AG9: 0.9 | AH9: =AH8/#REF!-1 -> #VALUE! | AI9: =AI8-1 -> 23 | AJ9: {=INDEX($L$11:$L$223,$AJ$4+8)} -> 801 | AK9: =($AJ$7/AJ10)^(1/(ROW(AJ10)-ROW($AJ$7))) - 1 -> #VALUE! | AL9: 분기 | AM9: =[1]Src!H1 -> 매출액 | AN9: =[1]Src!I1 -> 영업이익 | AO9: 지배주주순이익 | AP9: EPS(원) | AQ9: %순이익 | AR9: %EPS
I10: (Fd 4Q) | J10: TOP | K10: BASE | L10: TTM | M10: TOP | N10: BASE | O10: Y0 | P10: TOP | Q10: BASE | R10: Y1 | S10: TOP | T10: BASE | V10: =IF(INT(MID(V11,4,1))<4,INT(LEFT(V11,2))&"."&INT(MID(V11,4,1))+1&"Q",INT(LEFT(V11,2))+1&"."&INT(MID(V11,4,1))-3&"Q") -> #VALUE! | W10: =VLOOKUP(V10,$AC$6:$AI$144,W$4*2,0) -> #VALUE! | X10: =W10/W14-1 -> #VALUE! | Y10: 4Q 누계 | AB10: 1 | AC10: =IF(INT(MID(AC11,4,1))<4,INT(LEFT(AC11,2))&"."&INT(MID(AC11,4,1))+1&"Q",INT(LEFT(AC11,2))+1&"."&INT(MID(AC11,4,1))-3&"Q") -> #VALUE! | AD10: 302 | AE10: =AD10/$Y$7 -> #VALUE! | AF10: =AG10*AA2 -> #VALUE! | AG10: 0.95 | AI10: =AI9-1 -> 22 | AJ10: {=INDEX($L$11:$L$223,$AJ$4+12)} -> 465 | AK10: =($AJ$7/AJ11)^(1/(ROW(AJ11)-ROW($AJ$7))) - 1 -> #VALUE! | AL10: 25.2Q추정 | AN10: =AP10/AR10 -> #VALUE! | AO10: =AN10*AQ10 -> #VALUE! | AP10: =W12 -> #VALUE! | AQ10: =AVERAGE(AQ16,AQ24,AQ28) -> 0.73809524 | AR10: =AVERAGE(AR16,AR24,AR28) -> 5.7777778
A11: 연도 | B11: =[1]Src!S1 -> 지배주주ROE | D11: =IF(INT(MID(D12,4,1))<4,INT(LEFT(D12,2))&"."&INT(MID(D12,4,1))+1&"Q",INT(LEFT(D12,2))+1&"."&INT(MID(D12,4,1))-3&"Q") -> #VALUE! | E11: =D2 -> 7150 | F11: =D2 -> 7150 | G11: =D2 -> 7150 | H11: =VLOOKUP($D11,$V$6:$W$17,2,0) -> #VALUE! | J11: =$D$2/I11 -> #DIV/0! | L11: =SUM(H11:H14) -> #VALUE! | M11: =$D$2/L11 -> #VALUE! | O11: =R17 -> #VALUE! | P11: =MAX(E11:E12)/SUM($H11:$H14) -> #VALUE! | Q11: =MIN(F11:F12)/SUM($H11:$H14) -> #VALUE! | V11: =IF(INT(MID(V12,4,1))<4,INT(LEFT(V12,2))&"."&INT(MID(V12,4,1))+1&"Q",INT(LEFT(V12,2))+1&"."&INT(MID(V12,4,1))-3&"Q") -> #VALUE! | W11: =VLOOKUP(V11,$AC$6:$AI$144,W$4*2,0) -> #VALUE! | X11: =W11/W15-1 -> #VALUE! | Y11: =SUM(W10:W13) -> #VALUE! | Z11: =Y11/Y12-1 -> #VALUE! | AB11: =AB9*AB12 -> #VALUE! | AC11: =IF(INT(MID(AC12,4,1))<4,INT(LEFT(AC12,2))&"."&INT(MID(AC12,4,1))+1&"Q",INT(LEFT(AC12,2))+1&"."&INT(MID(AC12,4,1))-3&"Q") -> #VALUE! | AD11: =IFERROR(VLOOKUP($AC11,$D$12:$T$56,5,0),"") | AE11: =AD11/$Y$7 -> #VALUE! | AF11: =IFERROR(VLOOKUP($AC11,$D$12:$T$56,5,0),"") | AG11: 0.95 | AI11: =AC16 -> #VALUE! | AJ11: {=INDEX($L$11:$L$223,$AJ$4+16)} -> 478 | AK11: =($AJ$7/AJ12)^(1/(ROW(AJ12)-ROW($AJ$7))) - 1 -> #VALUE!
A12: =LEFT(D12,2) -> #VALUE! | B12: =[1]Src!S2 -> 0 | C12: =[1]Src!B2 -> 46024 | D12: =MID(C12,3,2)&"."&ROUNDUP(MID(C12,6,2)/3,0)&"Q" -> #VALUE! | E12: =IFERROR(VLOOKUP($C12,[1]Src!$B:$AI,3,0),"") -> 7930 | F12: =IFERROR(VLOOKUP($C12,[1]Src!$B:$AI,4,0),"") -> 6100 | G12: =IFERROR(VLOOKUP($C12,[1]Src!$B:$AI,5,0),"") -> 7380 | H12: =IF(VLOOKUP($C12,[1]Src!$B:$AI,10,0)=0,VLOOKUP($D12,$V$6:$W$17,2,0),"확인") -> #VALUE! | I12: =SUM(OFFSET(INDEX(V:V, MATCH(D12, V:V, 0)), -3, 1, 4, 1)) -> #VALUE! | J12: =E12/$I12 -> #VALUE! | K12: =F12/$I12 -> #VALUE! | L12: =SUM(H12:H15) -> #VALUE! | M12: =E12/SUM($H12:$H15) -> #VALUE! | N12: =F12/SUM($H12:$H15) -> #VALUE! | P12: =MAX(E12:E13)/SUM($H12:$H15) -> #VALUE! | Q12: =MIN(F12:F13)/SUM($H12:$H15) -> #VALUE! | R12: =SUM(W6:W9) -> #VALUE! | S12: =MAX(E12:E15)/$R12 -> #VALUE! | T12: =MIN(F12:F15)/$R12 -> #VALUE! | V12: =IF(INT(MID(V13,4,1))<4,INT(LEFT(V13,2))&"."&INT(MID(V13,4,1))+1&"Q",INT(LEFT(V13,2))+1&"."&INT(MID(V13,4,1))-3&"Q") -> #VALUE! | W12: =VLOOKUP(V12,$AC$6:$AI$144,W$4*2,0) -> #VALUE! | X12: =W12/W16-1 -> #VALUE! | Y12: =SUM(W14:W17) -> #VALUE! | AB12: 0.7 | AC12: =IF(INT(MID(AC13,4,1))<4,INT(LEFT(AC13,2))&"."&INT(MID(AC13,4,1))+1&"Q",INT(LEFT(AC13,2))+1&"."&INT(MID(AC13,4,1))-3&"Q") -> #VALUE! | AD12: =IFERROR(VLOOKUP($AC12,$D$12:$T$56,5,0),"") | AE12: =AD12/$Y$7 -> #VALUE! | AF12: =IFERROR(VLOOKUP($AC12,$D$12:$T$56,5,0),"") | AG12: 1 | AH12: =SUM(AF14:AF17) -> 0 | AI12: =[1]ROE!U171 -> 229.89 | AJ12: {=INDEX($L$11:$L$223,$AJ$4+20)} -> 462 | AK12: =($AJ$7/AJ13)^(1/(ROW(AJ13)-ROW($AJ$7))) - 1 -> #VALUE! | AL12: =MID(C12,3,2)&"."&ROUNDUP(MID(C12,6,2)/3,0)&"Q" -> #VALUE! | AM12: =IFERROR(VLOOKUP($C12,[1]Src!$B$2:$AI$130,7,0),"") -> 0 | AN12: =IFERROR(VLOOKUP($C12,[1]Src!$B$2:$AI$130,8,0),"") -> 0 | AO12: =IFERROR(VLOOKUP($C12,[1]Src!$B$2:$AI$130,9,0),"") -> 0 | AP12: =IFERROR(VLOOKUP($C12,[1]Src!$B$2:$AI$130,10,0),"") -> 0 | AQ12: =AO12/$AN12 -> #DIV/0! | AR12: =AP12/$AN12 -> #DIV/0!
A13: =LEFT(D13,2) -> #VALUE! | B13: =[1]Src!S3 -> 0 | C13: =[1]Src!B3 -> 45931 | D13: =MID(C13,3,2)&"."&ROUNDUP(MID(C13,6,2)/3,0)&"Q" -> #VALUE! | E13: =IFERROR(VLOOKUP($C13,[1]Src!$B:$AI,3,0),"") -> 7250 | F13: =IFERROR(VLOOKUP($C13,[1]Src!$B:$AI,4,0),"") -> 6060 | G13: =IFERROR(VLOOKUP($C13,[1]Src!$B:$AI,5,0),"") -> 6640 | H13: =IF(VLOOKUP($C13,[1]Src!$B:$AI,10,0)="",VLOOKUP($D13,$V$6:$W$17,2,0),"확인") -> #VALUE! | I13: =SUM(OFFSET(INDEX(V:V, MATCH(D13, V:V, 0)), -3, 1, 4, 1)) -> #VALUE! | J13: =E13/$I13 -> #VALUE! | K13: =F13/$I13 -> #VALUE! | L13: =SUM(H13:H16) -> #VALUE! | M13: =E13/SUM($H13:$H16) -> #VALUE! | N13: =F13/SUM($H13:$H16) -> #VALUE! | P13: =MAX(E13:E14)/SUM($H13:$H16) -> #VALUE! | Q13: =MIN(F13:F14)/SUM($H13:$H16) -> #VALUE! | R13: =SUM(OFFSET(INDEX(V:V, MATCH(D13, V:V, 0)), -4, 1, 4, 1)) -> #VALUE! | S13: =MAX(E13:E16)/$R13 -> #VALUE! | T13: =MIN(F13:F16)/$R13 -> #VALUE! | U13: =INT(LEFT(D13,2)) -> #VALUE! | V13: =IF(INT(MID(V14,4,1))<4,INT(LEFT(V14,2))&"."&INT(MID(V14,4,1))+1&"Q",INT(LEFT(V14,2))+1&"."&INT(MID(V14,4,1))-3&"Q") -> #VALUE! | W13: =VLOOKUP(V13,$AC$6:$AI$144,W$4*2,0) -> #VALUE! | X13: =W13/W17-1 -> #VALUE! | AC13: =IF(INT(MID(AC14,4,1))<4,INT(LEFT(AC14,2))&"."&INT(MID(AC14,4,1))+1&"Q",INT(LEFT(AC14,2))+1&"."&INT(MID(AC14,4,1))-3&"Q") -> #VALUE! | AD13: =IFERROR(VLOOKUP($AC13,$D$12:$T$56,5,0),"") | AE13: =AD13/$Y$7 -> #VALUE! | AF13: =IFERROR(VLOOKUP($AC13,$D$12:$T$56,5,0),"") | AG13: 1 | AH13: =AH12/R2-1 -> -1 | AJ13: {=INDEX($L$11:$L$223,$AJ$4+24)} -> -909 | AK13: =($AJ$7/AJ14)^(1/(ROW(AJ14)-ROW($AJ$7))) - 1 -> #VALUE! | AL13: =MID(C13,3,2)&"."&ROUNDUP(MID(C13,6,2)/3,0)&"Q" -> #VALUE! | AM13: =IFERROR(VLOOKUP($C13,[1]Src!$B$2:$AI$130,7,0),"") -> 879 | AN13: =IFERROR(VLOOKUP($C13,[1]Src!$B$2:$AI$130,8,0),"") -> 45 | AO13: =IFERROR(VLOOKUP($C13,[1]Src!$B$2:$AI$130,9,0),"") -> 0 | AP13: =IFERROR(VLOOKUP($C13,[1]Src!$B$2:$AI$130,10,0),"") -> 0 | AQ13: =AO13/$AN13 -> 0 | AR13: =AP13/$AN13 -> 0
A14: =LEFT(D14,2) -> #VALUE! | B14: =[1]Src!S4 -> 20.62 | C14: =[1]Src!B4 -> 45839 | D14: =MID(C14,3,2)&"."&ROUNDUP(MID(C14,6,2)/3,0)&"Q" -> #VALUE! | E14: =IFERROR(VLOOKUP($C14,[1]Src!$B:$AI,3,0),"") -> 7200 | F14: =IFERROR(VLOOKUP($C14,[1]Src!$B:$AI,4,0),"") -> 6130 | G14: =IFERROR(VLOOKUP($C14,[1]Src!$B:$AI,5,0),"") -> 6290 | H14: =IFERROR(VLOOKUP($C14,[1]Src!$B:$AI,10,0),"") -> 233 | I14: =SUM(OFFSET(INDEX(V:V, MATCH(D14, V:V, 0)), -3, 1, 4, 1)) -> #VALUE! | J14: =E14/$I14 -> #VALUE! | K14: =F14/$I14 -> #VALUE! | L14: =SUM(H14:H17) -> 1108 | M14: =E14/SUM($H14:$H17) -> 6.4981949 | N14: =F14/SUM($H14:$H17) -> 5.532491 | P14: =MAX(E14:E15)/SUM($H14:$H17) -> 10.315884 | Q14: =MIN(F14:F15)/SUM($H14:$H17) -> 5.0361011 | R14: =SUM(OFFSET(INDEX(V:V, MATCH(D14, V:V, 0)), -4, 1, 4, 1)) -> #VALUE! | S14: =MAX(E14:E17)/$R14 -> #VALUE! | T14: =MIN(F14:F17)/$R14 -> #VALUE! | V14: =IF(INT(MID(V15,4,1))<4,INT(LEFT(V15,2))&"."&INT(MID(V15,4,1))+1&"Q",INT(LEFT(V15,2))+1&"."&INT(MID(V15,4,1))-3&"Q") -> #VALUE! | W14: =VLOOKUP(V14,$AC$6:$AI$144,W$4*2,0) -> #VALUE! | X14: =W14/H19-1 -> #VALUE! | AC14: =IF(INT(MID(AC15,4,1))<4,INT(LEFT(AC15,2))&"."&INT(MID(AC15,4,1))+1&"Q",INT(LEFT(AC15,2))+1&"."&INT(MID(AC15,4,1))-3&"Q") -> #VALUE! | AD14: =IFERROR(VLOOKUP($AC14,$D$12:$T$56,5,0),"") | AE14: =$AD$18/(4-$AC$18)*AH2 -> #VALUE! | AF14: =IFERROR(VLOOKUP($AC14,$D$12:$T$56,5,0),"") | AG14: 1 | AH14: A'25EPS | AJ14: {=INDEX($L$11:$L$223,$AJ$4+28)} -> 182 | AK14: =($AJ$7/AJ15)^(1/(ROW(AJ15)-ROW($AJ$7))) - 1 -> #VALUE! | AL14: =MID(C14,3,2)&"."&ROUNDUP(MID(C14,6,2)/3,0)&"Q" -> #VALUE! | AM14: =IFERROR(VLOOKUP($C14,[1]Src!$B$2:$AI$130,7,0),"") -> 428 | AN14: =IFERROR(VLOOKUP($C14,[1]Src!$B$2:$AI$130,8,0),"") -> 34 | AO14: =IFERROR(VLOOKUP($C14,[1]Src!$B$2:$AI$130,9,0),"") -> 30 | AP14: =IFERROR(VLOOKUP($C14,[1]Src!$B$2:$AI$130,10,0),"") -> 233 | AQ14: =AO14/$AN14 -> 0.88235294 | AR14: =AP14/$AN14 -> 6.8529412
A15: =LEFT(D15,2) -> #VALUE! | B15: =[1]Src!S5 -> 33.1 | C15: =[1]Src!B5 -> 45748 | D15: =MID(C15,3,2)&"."&ROUNDUP(MID(C15,6,2)/3,0)&"Q" -> #VALUE! | E15: =IFERROR(VLOOKUP($C15,[1]Src!$B:$AI,3,0),"") -> 11430 | F15: =IFERROR(VLOOKUP($C15,[1]Src!$B:$AI,4,0),"") -> 5580 | G15: =IFERROR(VLOOKUP($C15,[1]Src!$B:$AI,5,0),"") -> 6770 | H15: =IFERROR(VLOOKUP($C15,[1]Src!$B:$AI,10,0),"") -> 351 | I15: =SUM(OFFSET(INDEX(V:V, MATCH(D15, V:V, 0)), -3, 1, 4, 1)) -> #VALUE! | J15: =E15/$I15 -> #VALUE! | K15: =F15/$I15 -> #VALUE! | L15: =SUM(H15:H18) -> 1004 | M15: =E15/SUM($H15:$H18) -> 11.384462 | N15: =F15/SUM($H15:$H18) -> 5.5577689 | O15: =SUM(H15:H18) -> 1004 | P15: =MAX(E15:E16)/SUM($H15:$H18) -> 11.384462 | Q15: =MIN(F15:F16)/SUM($H15:$H18) -> 5.5577689 | R15: =SUM(OFFSET(INDEX(V:V, MATCH(D15, V:V, 0)), -4, 1, 4, 1)) -> #VALUE! | S15: =MAX(E15:E18)/$R15 -> #VALUE! | T15: =MIN(F15:F18)/$R15 -> #VALUE! | V15: =IF(INT(MID(V16,4,1))<4,INT(LEFT(V16,2))&"."&INT(MID(V16,4,1))+1&"Q",INT(LEFT(V16,2))+1&"."&INT(MID(V16,4,1))-3&"Q") -> #VALUE! | W15: =VLOOKUP(V15,$AC$6:$AI$144,W$4*2,0) -> #VALUE! | X15: =W15/H20-1 -> #VALUE! | AC15: =IF(INT(MID(AC16,4,1))<4,INT(LEFT(AC16,2))&"."&INT(MID(AC16,4,1))+1&"Q",INT(LEFT(AC16,2))+1&"."&INT(MID(AC16,4,1))-3&"Q") -> #VALUE! | AD15: =IFERROR(VLOOKUP($AC15,$D$12:$T$56,5,0),"") | AE15: =$AD$18/(4-$AC$18)*AG2 -> #VALUE! | AF15: =IFERROR(VLOOKUP($AC15,$D$12:$T$56,5,0),"") | AG15: 1 | AH15: =SUM(AF10:AF13) -> #VALUE! | AJ15: {=INDEX($L$11:$L$223,$AJ$4+32)} -> 95 | AK15: =($AJ$7/AJ16)^(1/(ROW(AJ16)-ROW($AJ$7))) - 1 -> #VALUE! | AL15: =MID(C15,3,2)&"."&ROUNDUP(MID(C15,6,2)/3,0)&"Q" -> #VALUE! | AM15: =IFERROR(VLOOKUP($C15,[1]Src!$B$2:$AI$130,7,0),"") -> 582 | AN15: =IFERROR(VLOOKUP($C15,[1]Src!$B$2:$AI$130,8,0),"") -> 56 | AO15: =IFERROR(VLOOKUP($C15,[1]Src!$B$2:$AI$130,9,0),"") -> 46 | AP15: =IFERROR(VLOOKUP($C15,[1]Src!$B$2:$AI$130,10,0),"") -> 351 | AQ15: =AO15/$AN15 -> 0.82142857 | AR15: =AP15/$AN15 -> 6.2678571
A16: =LEFT(D16,2) -> #VALUE! | B16: =[1]Src!S6 -> 3.58 | C16: =[1]Src!B6 -> 45659 | D16: =MID(C16,3,2)&"."&ROUNDUP(MID(C16,6,2)/3,0)&"Q" -> #VALUE! | E16: =IFERROR(VLOOKUP($C16,[1]Src!$B:$AI,3,0),"") -> 10050 | F16: =IFERROR(VLOOKUP($C16,[1]Src!$B:$AI,4,0),"") -> 7600 | G16: =IFERROR(VLOOKUP($C16,[1]Src!$B:$AI,5,0),"") -> 7770 | H16: =IFERROR(VLOOKUP($C16,[1]Src!$B:$AI,10,0),"") -> 37 | I16: =SUM(OFFSET(INDEX(V:V, MATCH(D16, V:V, 0)), -3, 1, 4, 1)) -> #VALUE! | J16: =E16/$I16 -> #VALUE! | K16: =F16/$I16 -> #VALUE! | L16: =SUM(H16:H19) -> 758 | M16: =E16/SUM($H16:$H19) -> 13.258575 | N16: =F16/SUM($H16:$H19) -> 10.026385 | O16: =SUM(H16:H19) -> 758 | P16: =MAX(E16:E17)/SUM($H16:$H19) -> 16.121372 | Q16: =MIN(F16:F17)/SUM($H16:$H19) -> 8.469657 | R16: =SUM(OFFSET(INDEX(V:V, MATCH(D16, V:V, 0)), -4, 1, 4, 1)) -> #VALUE! | S16: =MAX(E16:E19)/$R16 -> #VALUE! | T16: =MIN(F16:F19)/$R16 -> #VALUE! | V16: =IF(INT(MID(V17,4,1))<4,INT(LEFT(V17,2))&"."&INT(MID(V17,4,1))+1&"Q",INT(LEFT(V17,2))+1&"."&INT(MID(V17,4,1))-3&"Q") -> #VALUE! | W16: =VLOOKUP(V16,$AC$6:$AI$144,W$4*2,0) -> #VALUE! | X16: =W16/H21-1 -> #VALUE! | AC16: =IF(INT(MID(AC17,4,1))<4,INT(LEFT(AC17,2))&"."&INT(MID(AC17,4,1))+1&"Q",INT(LEFT(AC17,2))+1&"."&INT(MID(AC17,4,1))-3&"Q") -> #VALUE! | AD16: =IFERROR(VLOOKUP($AC16,$D$12:$T$56,5,0),"") | AE16: =AD16/$Y$6 -> #VALUE! | AF16: =IFERROR(VLOOKUP($AC16,$D$12:$T$56,5,0),"") | AG16: 1 | AH16: =AH15/AH12-1 -> #VALUE! | AJ16: {=INDEX($L$11:$L$223,$AJ$4+36)} -> 0 | AL16: =MID(C16,3,2)&"."&ROUNDUP(MID(C16,6,2)/3,0)&"Q" -> #VALUE! | AM16: =IFERROR(VLOOKUP($C16,[1]Src!$B$2:$AI$130,7,0),"") -> 444 | AN16: =IFERROR(VLOOKUP($C16,[1]Src!$B$2:$AI$130,8,0),"") -> 6 | AO16: =IFERROR(VLOOKUP($C16,[1]Src!$B$2:$AI$130,9,0),"") -> 5 | AP16: =IFERROR(VLOOKUP($C16,[1]Src!$B$2:$AI$130,10,0),"") -> 37 | AQ16: =AO16/$AN16 -> 0.83333333 | AR16: =AP16/$AN16 -> 6.1666667
A17: =LEFT(D17,2) -> #VALUE! | B17: =[1]Src!S7 -> 49.96 | C17: =[1]Src!B7 -> 45567 | D17: =MID(C17,3,2)&"."&ROUNDUP(MID(C17,6,2)/3,0)&"Q" -> #VALUE! | E17: =IFERROR(VLOOKUP($C17,[1]Src!$B:$AI,3,0),"") -> 12220 | F17: =IFERROR(VLOOKUP($C17,[1]Src!$B:$AI,4,0),"") -> 6420 | G17: =IFERROR(VLOOKUP($C17,[1]Src!$B:$AI,5,0),"") -> 8440 | H17: =IFERROR(VLOOKUP($C17,[1]Src!$B:$AI,10,0),"") -> 487 | I17: =SUM(H14:H17) -> 1108 | J17: =E17/$I17 -> 11.028881 | K17: =F17/$I17 -> 5.7942238 | L17: =SUM(H17:H20) -> 731 | M17: =E17/SUM($H17:$H20) -> 16.716826 | N17: =F17/SUM($H17:$H20) -> 8.7824897 | P17: =MAX(E17:E18)/SUM($H17:$H20) -> 16.716826 | Q17: =MIN(F17:F18)/SUM($H17:$H20) -> 7.8932969 | R17: =SUM(H13:H16) -> #VALUE! | S17: =MAX(E17:E20)/$R17 -> #VALUE! | T17: =MIN(F17:F20)/$R17 -> #VALUE! | U17: =INT(LEFT(D17,2)) -> #VALUE! | V17: =D20 -> #VALUE! | W17: =VLOOKUP(V17,$AC$6:$AI$144,W$4*2,0) -> #VALUE! | X17: =W17/H22-1 -> #VALUE! | AC17: =V17 -> #VALUE! | AD17: =IFERROR(VLOOKUP($AC17,$D$12:$T$56,5,0),"") | AE17: =AD17/$Y$6 -> #VALUE! | AF17: =IFERROR(VLOOKUP($AC17,$D$12:$T$56,5,0),"") | AG17: 1 | AH17: =AH15/T2 -> #VALUE! | AL17: =MID(C17,3,2)&"."&ROUNDUP(MID(C17,6,2)/3,0)&"Q" -> #VALUE! | AM17: =IFERROR(VLOOKUP($C17,[1]Src!$B$2:$AI$130,7,0),"") -> 763 | AN17: =IFERROR(VLOOKUP($C17,[1]Src!$B$2:$AI$130,8,0),"") -> 64 | AO17: =IFERROR(VLOOKUP($C17,[1]Src!$B$2:$AI$130,9,0),"") -> 64 | AP17: =IFERROR(VLOOKUP($C17,[1]Src!$B$2:$AI$130,10,0),"") -> 487 | AQ17: =AO17/$AN17 -> 1 | AR17: =AP17/$AN17 -> 7.609375
A18: =LEFT(D18,2) -> #VALUE! | B18: =[1]Src!S8 -> 14.3 | C18: =[1]Src!B8 -> 45474 | D18: =MID(C18,3,2)&"."&ROUNDUP(MID(C18,6,2)/3,0)&"Q" -> #VALUE! | E18: =IFERROR(VLOOKUP($C18,[1]Src!$B:$AI,3,0),"") -> 10430 | F18: =IFERROR(VLOOKUP($C18,[1]Src!$B:$AI,4,0),"") -> 5770 | G18: =IFERROR(VLOOKUP($C18,[1]Src!$B:$AI,5,0),"") -> 7100 | H18: =IFERROR(VLOOKUP($C18,[1]Src!$B:$AI,10,0),"") -> 129 | I18: =SUM(H15:H18) -> 1004 | J18: =E18/SUM($H15:$H18) -> 10.388446 | K18: =F18/SUM($H15:$H18) -> 5.747012 | L18: =SUM(H18:H21) -> 489 | M18: =E18/SUM($H18:$H21) -> 21.329243 | N18: =F18/SUM($H18:$H21) -> 11.799591 | P18: =MAX(E18:E19)/SUM($H18:$H21) -> 21.595092 | Q18: =MIN(F18:F19)/SUM($H18:$H21) -> 11.799591 | R18: =SUM(H14:H17) -> 1108 | S18: =MAX(E18:E21)/SUM($H14:$H17) -> 14.997292 | T18: =MIN(F18:F21)/SUM($H14:$H17) -> 5.2075812 | V18: 밸류에이션 코멘트 | AC18: 2 | AD18: =1-AE17-AE16 -> #VALUE! | AE18: 4Q모델링 : | AF18: =[1]my리포트!T366 -> #REF! | AL18: =MID(C18,3,2)&"."&ROUNDUP(MID(C18,6,2)/3,0)&"Q" -> #VALUE! | AM18: =IFERROR(VLOOKUP($C18,[1]Src!$B$2:$AI$130,7,0),"") -> 444 | AN18: =IFERROR(VLOOKUP($C18,[1]Src!$B$2:$AI$130,8,0),"") -> 25 | AO18: =IFERROR(VLOOKUP($C18,[1]Src!$B$2:$AI$130,9,0),"") -> 17 | AP18: =IFERROR(VLOOKUP($C18,[1]Src!$B$2:$AI$130,10,0),"") -> 129 | AQ18: =AO18/$AN18 -> 0.68 | AR18: =AP18/$AN18 -> 5.16
A19: =LEFT(D19,2) -> #VALUE! | B19: =[1]Src!S9 -> 12 | C19: =[1]Src!B9 -> 45383 | D19: =MID(C19,3,2)&"."&ROUNDUP(MID(C19,6,2)/3,0)&"Q" -> #VALUE! | E19: =IFERROR(VLOOKUP($C19,[1]Src!$B:$AI,3,0),"") -> 10560 | F19: =IFERROR(VLOOKUP($C19,[1]Src!$B:$AI,4,0),"") -> 7120 | G19: =IFERROR(VLOOKUP($C19,[1]Src!$B:$AI,5,0),"") -> 8690 | H19: =IFERROR(VLOOKUP($C19,[1]Src!$B:$AI,10,0),"") -> 105 | I19: =SUM(H16:H19) -> 758 | J19: =E19/SUM($H16:$H19) -> 13.931398 | K19: =F19/SUM($H16:$H19) -> 9.3931398 | L19: =SUM(H19:H22) -> 527 | M19: =E19/SUM($H19:$H22) -> 20.037951 | N19: =F19/SUM($H19:$H22) -> 13.510436 | O19: =SUM(H19:H22) -> 527 | P19: =MAX(E19:E20)/SUM($H19:$H22) -> 23.149905 | Q19: =MIN(F19:F20)/SUM($H19:$H22) -> 13.510436 | R19: =SUM(H15:H18) -> 1004 | S19: =MAX(E19:E22)/SUM($H15:$H18) -> 18.062749 | T19: =MIN(F19:F22)/SUM($H15:$H18) -> 7.0916335 | AC19: =D20 -> #VALUE! | AJ19: EPS 모델링 | AL19: =MID(C19,3,2)&"."&ROUNDUP(MID(C19,6,2)/3,0)&"Q" -> #VALUE! | AM19: =IFERROR(VLOOKUP($C19,[1]Src!$B$2:$AI$130,7,0),"") -> 390 | AN19: =IFERROR(VLOOKUP($C19,[1]Src!$B$2:$AI$130,8,0),"") -> 17 | AO19: =IFERROR(VLOOKUP($C19,[1]Src!$B$2:$AI$130,9,0),"") -> 14 | AP19: =IFERROR(VLOOKUP($C19,[1]Src!$B$2:$AI$130,10,0),"") -> 105 | AQ19: =AO19/$AN19 -> 0.82352941 | AR19: =AP19/$AN19 -> 6.1764706
A20: =LEFT(D20,2) -> #VALUE! | B20: =[1]Src!S10 -> 1.16 | C20: =[1]Src!B10 -> 45293 | D20: =MID(C20,3,2)&"."&ROUNDUP(MID(C20,6,2)/3,0)&"Q" -> #VALUE! | E20: =IFERROR(VLOOKUP($C20,[1]Src!$B:$AI,3,0),"") -> 12200 | F20: =IFERROR(VLOOKUP($C20,[1]Src!$B:$AI,4,0),"") -> 8220 | G20: =IFERROR(VLOOKUP($C20,[1]Src!$B:$AI,5,0),"") -> 8590 | H20: =IFERROR(VLOOKUP($C20,[1]Src!$B:$AI,10,0),"") -> 10 | I20: =SUM(H17:H20) -> 731 | J20: =E20/SUM($H17:$H20) -> 16.689466 | K20: =F20/SUM($H17:$H20) -> 11.24487 | L20: =SUM(H20:H23) -> 687 | M20: =E20/SUM($H20:$H23) -> 17.75837 | N20: =F20/SUM($H20:$H23) -> 11.965066 | O20: =SUM(H20:H23) -> 687 | P20: =MAX(E20:E21)/SUM($H20:$H23) -> 24.187773 | Q20: =MIN(F20:F21)/SUM($H20:$H23) -> 11.965066 | R20: =SUM(H16:H19) -> 758 | S20: =MAX(E20:E23)/SUM($H16:$H19) -> 23.924802 | T20: =MIN(F20:F23)/SUM($H16:$H19) -> 10.385224 | AC20: =D21 -> #VALUE! | AJ20: 24년 | AK20: =[1]my리포트!AE378 -> #REF! | AL20: =MID(C20,3,2)&"."&ROUNDUP(MID(C20,6,2)/3,0)&"Q" -> #VALUE! | AM20: =IFERROR(VLOOKUP($C20,[1]Src!$B$2:$AI$130,7,0),"") -> 331 | AN20: =IFERROR(VLOOKUP($C20,[1]Src!$B$2:$AI$130,8,0),"") -> 1 | AO20: =IFERROR(VLOOKUP($C20,[1]Src!$B$2:$AI$130,9,0),"") -> 1 | AP20: =IFERROR(VLOOKUP($C20,[1]Src!$B$2:$AI$130,10,0),"") -> 10 | AQ20: =AO20/$AN20 -> 1 | AR20: =AP20/$AN20 -> 10
A21: =LEFT(D21,2) -> #VALUE! | B21: =[1]Src!S11 -> 28.77 | C21: =[1]Src!B11 -> 45203 | D21: =MID(C21,3,2)&"."&ROUNDUP(MID(C21,6,2)/3,0)&"Q" -> #VALUE! | E21: =IFERROR(VLOOKUP($C21,[1]Src!$B:$AI,3,0),"") -> 16617 | F21: =IFERROR(VLOOKUP($C21,[1]Src!$B:$AI,4,0),"") -> 10580 | G21: =IFERROR(VLOOKUP($C21,[1]Src!$B:$AI,5,0),"") -> 11720 | H21: =IFERROR(VLOOKUP($C21,[1]Src!$B:$AI,10,0),"") -> 245 | I21: =SUM(H18:H21) -> 489 | J21: =E21/SUM($H18:$H21) -> 33.981595 | K21: =F21/SUM($H18:$H21) -> 21.635992 | L21: =SUM(H21:H24) -> 801 | M21: =E21/SUM($H21:$H24) -> 20.745318 | N21: =F21/SUM($H21:$H24) -> 13.208489 | P21: =MAX(E21:E22)/SUM($H21:$H24) -> 22.640449 | Q21: =MIN(F21:F22)/SUM($H21:$H24) -> 11.154806 | R21: =SUM(H17:H20) -> 731 | S21: =MAX(E21:E24)/SUM($H17:$H20) -> 24.808482 | T21: =MIN(F21:F24)/SUM($H17:$H20) -> 9.6374829 | U21: =INT(LEFT(D21,2)) -> #VALUE! | AC21: =D22 -> #VALUE! | AJ21: 25년 | AK21: =[1]my리포트!AF378 -> #REF! | AL21: =MID(C21,3,2)&"."&ROUNDUP(MID(C21,6,2)/3,0)&"Q" -> #VALUE! | AM21: =IFERROR(VLOOKUP($C21,[1]Src!$B$2:$AI$130,7,0),"") -> 829 | AN21: =IFERROR(VLOOKUP($C21,[1]Src!$B$2:$AI$130,8,0),"") -> 39 | AO21: =IFERROR(VLOOKUP($C21,[1]Src!$B$2:$AI$130,9,0),"") -> 32 | AP21: =IFERROR(VLOOKUP($C21,[1]Src!$B$2:$AI$130,10,0),"") -> 245 | AQ21: =AO21/$AN21 -> 0.82051282 | AR21: =AP21/$AN21 -> 6.2820513
A22: =LEFT(D22,2) -> #VALUE! | B22: =[1]Src!S12 -> 21 | C22: =[1]Src!B12 -> 45110 | D22: =MID(C22,3,2)&"."&ROUNDUP(MID(C22,6,2)/3,0)&"Q" -> #VALUE! | E22: =IFERROR(VLOOKUP($C22,[1]Src!$B:$AI,3,0),"") -> 18135 | F22: =IFERROR(VLOOKUP($C22,[1]Src!$B:$AI,4,0),"") -> 8935 | G22: =IFERROR(VLOOKUP($C22,[1]Src!$B:$AI,5,0),"") -> 12717 | H22: =IFERROR(VLOOKUP($C22,[1]Src!$B:$AI,10,0),"") -> 167 | I22: =SUM(H19:H22) -> 527 | J22: =E22/SUM($H19:$H22) -> 34.411765 | K22: =F22/SUM($H19:$H22) -> 16.954459 | L22: =SUM(H22:H25) -> 744 | M22: =E22/SUM($H22:$H25) -> 24.375 | N22: =F22/SUM($H22:$H25) -> 12.009409 | P22: =MAX(E22:E23)/SUM($H22:$H25) -> 24.375 | Q22: =MIN(F22:F23)/SUM($H22:$H25) -> 10.580645 | R22: =SUM(H18:H21) -> 489 | S22: =MAX(E22:E25)/SUM($H18:$H21) -> 37.08589 | T22: =MIN(F22:F25)/SUM($H18:$H21) -> 9.2760736 | AC22: =D23 -> #VALUE! | AJ22: 26년 | AK22: =[1]my리포트!AG378 -> #REF! | AL22: =MID(C22,3,2)&"."&ROUNDUP(MID(C22,6,2)/3,0)&"Q" -> #VALUE! | AM22: =IFERROR(VLOOKUP($C22,[1]Src!$B$2:$AI$130,7,0),"") -> 524 | AN22: =IFERROR(VLOOKUP($C22,[1]Src!$B$2:$AI$130,8,0),"") -> 33 | AO22: =IFERROR(VLOOKUP($C22,[1]Src!$B$2:$AI$130,9,0),"") -> 22 | AP22: =IFERROR(VLOOKUP($C22,[1]Src!$B$2:$AI$130,10,0),"") -> 167 | AQ22: =AO22/$AN22 -> 0.66666667 | AR22: =AP22/$AN22 -> 5.0606061
A23: =LEFT(D23,2) -> #VALUE! | B23: =[1]Src!S13 -> 36.3 | C23: =[1]Src!B13 -> 45019 | D23: =MID(C23,3,2)&"."&ROUNDUP(MID(C23,6,2)/3,0)&"Q" -> #VALUE! | E23: =IFERROR(VLOOKUP($C23,[1]Src!$B:$AI,3,0),"") -> 14344 | F23: =IFERROR(VLOOKUP($C23,[1]Src!$B:$AI,4,0),"") -> 7872 | G23: =IFERROR(VLOOKUP($C23,[1]Src!$B:$AI,5,0),"") -> 11499 | H23: =IFERROR(VLOOKUP($C23,[1]Src!$B:$AI,10,0),"") -> 265 | I23: =SUM(H20:H23) -> 687 | J23: =E23/SUM($H20:$H23) -> 20.879185 | K23: =F23/SUM($H20:$H23) -> 11.458515 | L23: =SUM(H23:H26) -> 650 | M23: =E23/SUM($H23:$H26) -> 22.067692 | N23: =F23/SUM($H23:$H26) -> 12.110769 | O23: =SUM(H23:H26) -> 650 | P23: =MAX(E23:E24)/SUM($H23:$H26) -> 22.067692 | Q23: =MIN(F23:F24)/SUM($H23:$H26) -> 10.838462 | R23: =SUM(H19:H22) -> 527 | S23: =MAX(E23:E26)/SUM($H19:$H22) -> 27.218216 | T23: =MIN(F23:F26)/SUM($H19:$H22) -> 8.597723 | AC23: =D24 -> #VALUE! | AJ23: 27년 | AK23: =[1]my리포트!AH378 -> #REF! | AL23: =MID(C23,3,2)&"."&ROUNDUP(MID(C23,6,2)/3,0)&"Q" -> #VALUE! | AM23: =IFERROR(VLOOKUP($C23,[1]Src!$B$2:$AI$130,7,0),"") -> 502 | AN23: =IFERROR(VLOOKUP($C23,[1]Src!$B$2:$AI$130,8,0),"") -> 44 | AO23: =IFERROR(VLOOKUP($C23,[1]Src!$B$2:$AI$130,9,0),"") -> 35 | AP23: =IFERROR(VLOOKUP($C23,[1]Src!$B$2:$AI$130,10,0),"") -> 265 | AQ23: =AO23/$AN23 -> 0.79545455 | AR23: =AP23/$AN23 -> 6.0227273
A24: =LEFT(D24,2) -> #VALUE! | B24: =[1]Src!S14 -> 18.09 | C24: =[1]Src!B14 -> 44928 | D24: =MID(C24,3,2)&"."&ROUNDUP(MID(C24,6,2)/3,0)&"Q" -> #VALUE! | E24: =IFERROR(VLOOKUP($C24,[1]Src!$B:$AI,3,0),"") -> 9117 | F24: =IFERROR(VLOOKUP($C24,[1]Src!$B:$AI,4,0),"") -> 7045 | G24: =IFERROR(VLOOKUP($C24,[1]Src!$B:$AI,5,0),"") -> 8181 | H24: =IFERROR(VLOOKUP($C24,[1]Src!$B:$AI,10,0),"") -> 124 | I24: =SUM(H21:H24) -> 801 | J24: =E24/SUM($H21:$H24) -> 11.382022 | K24: =F24/SUM($H21:$H24) -> 8.7952559 | L24: =SUM(H24:H27) -> 547 | M24: =E24/SUM($H24:$H27) -> 16.667276 | N24: =F24/SUM($H24:$H27) -> 12.879342 | O24: =SUM(H24:H27) -> 547 | P24: =MAX(E24:E25)/SUM($H24:$H27) -> 20.274223 | Q24: =MIN(F24:F25)/SUM($H24:$H27) -> 8.2925046 | R24: =SUM(H20:H23) -> 687 | S24: =MAX(E24:E27)/SUM($H20:$H23) -> 16.142649 | T24: =MIN(F24:F27)/SUM($H20:$H23) -> 4.9941776 | AC24: =D29 -> #VALUE! | AL24: =MID(C24,3,2)&"."&ROUNDUP(MID(C24,6,2)/3,0)&"Q" -> #VALUE! | AM24: =IFERROR(VLOOKUP($C24,[1]Src!$B$2:$AI$130,7,0),"") -> 395 | AN24: =IFERROR(VLOOKUP($C24,[1]Src!$B$2:$AI$130,8,0),"") -> 24 | AO24: =IFERROR(VLOOKUP($C24,[1]Src!$B$2:$AI$130,9,0),"") -> 16 | AP24: =IFERROR(VLOOKUP($C24,[1]Src!$B$2:$AI$130,10,0),"") -> 124 | AQ24: =AO24/$AN24 -> 0.66666667 | AR24: =AP24/$AN24 -> 5.1666667
A25: =LEFT(D25,2) -> #VALUE! | B25: =[1]Src!S15 -> 29.14 | C25: =[1]Src!B15 -> 44838 | D25: =MID(C25,3,2)&"."&ROUNDUP(MID(C25,6,2)/3,0)&"Q" -> #VALUE! | E25: =IFERROR(VLOOKUP($C25,[1]Src!$B:$AI,3,0),"") -> 11090 | F25: =IFERROR(VLOOKUP($C25,[1]Src!$B:$AI,4,0),"") -> 4536 | G25: =IFERROR(VLOOKUP($C25,[1]Src!$B:$AI,5,0),"") -> 7736 | H25: =IFERROR(VLOOKUP($C25,[1]Src!$B:$AI,10,0),"") -> 188 | I25: =SUM(H22:H25) -> 744 | J25: =E25/SUM($H22:$H25) -> 14.905914 | K25: =F25/SUM($H22:$H25) -> 6.0967742 | L25: =SUM(H25:H28) -> 465 | M25: =E25/SUM($H25:$H28) -> 23.849462 | N25: =F25/SUM($H25:$H28) -> 9.7548387 | P25: =MAX(E25:E26)/SUM($H25:$H28) -> 23.849462 | Q25: =MIN(F25:F26)/SUM($H25:$H28) -> 9.744086 | R25: =SUM(H21:H24) -> 801 | S25: =MAX(E25:E28)/SUM($H21:$H24) -> 13.845194 | T25: =MIN(F25:F28)/SUM($H21:$H24) -> 3.7565543 | U25: =INT(LEFT(D25,2)) -> #VALUE! | AC25: =D30 -> #VALUE! | AJ25: 0.9 | AL25: =MID(C25,3,2)&"."&ROUNDUP(MID(C25,6,2)/3,0)&"Q" -> #VALUE! | AM25: =IFERROR(VLOOKUP($C25,[1]Src!$B$2:$AI$130,7,0),"") -> 771 | AN25: =IFERROR(VLOOKUP($C25,[1]Src!$B$2:$AI$130,8,0),"") -> 33 | AO25: =IFERROR(VLOOKUP($C25,[1]Src!$B$2:$AI$130,9,0),"") -> 25 | AP25: =IFERROR(VLOOKUP($C25,[1]Src!$B$2:$AI$130,10,0),"") -> 188 | AQ25: =AO25/$AN25 -> 0.75757576 | AR25: =AP25/$AN25 -> 5.6969697
A26: =LEFT(D26,2) -> #VALUE! | B26: =[1]Src!S16 -> 12.13 | C26: =[1]Src!B16 -> 44743 | D26: =MID(C26,3,2)&"."&ROUNDUP(MID(C26,6,2)/3,0)&"Q" -> #VALUE! | E26: =IFERROR(VLOOKUP($C26,[1]Src!$B:$AI,3,0),"") -> 6508 | F26: =IFERROR(VLOOKUP($C26,[1]Src!$B:$AI,4,0),"") -> 4531 | G26: =IFERROR(VLOOKUP($C26,[1]Src!$B:$AI,5,0),"") -> 4572 | H26: =IFERROR(VLOOKUP($C26,[1]Src!$B:$AI,10,0),"") -> 73 | I26: =SUM(H23:H26) -> 650 | J26: =E26/SUM($H23:$H26) -> 10.012308 | K26: =F26/SUM($H23:$H26) -> 6.9707692 | L26: =SUM(H26:H29) -> 486 | M26: =E26/SUM($H26:$H29) -> 13.390947 | N26: =F26/SUM($H26:$H29) -> 9.3230453 | P26: =MAX(E26:E27)/SUM($H26:$H29) -> 14.794239 | Q26: =MIN(F26:F27)/SUM($H26:$H29) -> 7.0596708 | R26: =SUM(W22:W25) -> 0 | S26: =MAX(E26:E29)/SUM($H22:$H25) -> 9.6639785 | T26: =MIN(F26:F29)/SUM($H22:$H25) -> 4.0443548 | AC26: =D31 -> #VALUE! | AJ26: 25년 | AK26: =AK21*$AJ$25 -> #REF! | AL26: =MID(C26,3,2)&"."&ROUNDUP(MID(C26,6,2)/3,0)&"Q" -> #VALUE! | AM26: =IFERROR(VLOOKUP($C26,[1]Src!$B$2:$AI$130,7,0),"") -> 347 | AN26: =IFERROR(VLOOKUP($C26,[1]Src!$B$2:$AI$130,8,0),"") -> 14 | AO26: =IFERROR(VLOOKUP($C26,[1]Src!$B$2:$AI$130,9,0),"") -> 10 | AP26: =IFERROR(VLOOKUP($C26,[1]Src!$B$2:$AI$130,10,0),"") -> 73 | AQ26: =AO26/$AN26 -> 0.71428571 | AR26: =AP26/$AN26 -> 5.2142857
A27: =LEFT(D27,2) -> #VALUE! | B27: =[1]Src!S17 -> 28.09 | C27: =[1]Src!B17 -> 44652 | D27: =MID(C27,3,2)&"."&ROUNDUP(MID(C27,6,2)/3,0)&"Q" -> #VALUE! | E27: =IFERROR(VLOOKUP($C27,[1]Src!$B:$AI,3,0),"") -> 7190 | F27: =IFERROR(VLOOKUP($C27,[1]Src!$B:$AI,4,0),"") -> 3431 | G27: =IFERROR(VLOOKUP($C27,[1]Src!$B:$AI,5,0),"") -> 5890 | H27: =IFERROR(VLOOKUP($C27,[1]Src!$B:$AI,10,0),"") -> 162 | I27: =SUM(H24:H27) -> 547 | J27: =E27/SUM($H24:$H27) -> 13.144424 | K27: =F27/SUM($H24:$H27) -> 6.2723949 | L27: =SUM(H27:H30) -> 481 | M27: =E27/SUM($H27:$H30) -> 14.948025 | N27: =F27/SUM($H27:$H30) -> 7.1330561 | O27: =SUM(H27:H30) -> 481 | P27: =MAX(E27:E28)/SUM($H27:$H30) -> 14.948025 | Q27: =MIN(F27:F28)/SUM($H27:$H30) -> 6.2557173 | R27: =SUM(W23:W26) -> 0 | S27: =MAX(E27:E30)/SUM($H23:$H26) -> 11.061538 | T27: =MIN(F27:F30)/SUM($H23:$H26) -> 4.6292308 | AC27: =D32 -> #VALUE! | AJ27: 26년 | AK27: =AK22*$AJ$25 -> #REF! | AL27: =MID(C27,3,2)&"."&ROUNDUP(MID(C27,6,2)/3,0)&"Q" -> #VALUE! | AM27: =IFERROR(VLOOKUP($C27,[1]Src!$B$2:$AI$130,7,0),"") -> 368 | AN27: =IFERROR(VLOOKUP($C27,[1]Src!$B$2:$AI$130,8,0),"") -> 31 | AO27: =IFERROR(VLOOKUP($C27,[1]Src!$B$2:$AI$130,9,0),"") -> 21 | AP27: =IFERROR(VLOOKUP($C27,[1]Src!$B$2:$AI$130,10,0),"") -> 162 | AQ27: =AO27/$AN27 -> 0.67741935 | AR27: =AP27/$AN27 -> 5.2258065
A28: =LEFT(D28,2) -> #VALUE! | B28: =[1]Src!S18 -> 7.56 | C28: =[1]Src!B18 -> 44564 | D28: =MID(C28,3,2)&"."&ROUNDUP(MID(C28,6,2)/3,0)&"Q" -> #VALUE! | E28: =IFERROR(VLOOKUP($C28,[1]Src!$B:$AI,3,0),"") -> 3991 | F28: =IFERROR(VLOOKUP($C28,[1]Src!$B:$AI,4,0),"") -> 3009 | G28: =IFERROR(VLOOKUP($C28,[1]Src!$B:$AI,5,0),"") -> 3591 | H28: =IFERROR(VLOOKUP($C28,[1]Src!$B:$AI,10,0),"") -> 42 | I28: =SUM(H25:H28) -> 465 | J28: =E28/SUM($H25:$H28) -> 8.5827957 | K28: =F28/SUM($H25:$H28) -> 6.4709677 | L28: =SUM(H28:H31) -> 455 | M28: =E28/SUM($H28:$H31) -> 8.7714286 | N28: =F28/SUM($H28:$H31) -> 6.6131868 | O28: =SUM(H28:H31) -> 455 | P28: =MAX(E28:E29)/SUM($H28:$H31) -> 8.7714286 | Q28: =MIN(F28:F29)/SUM($H28:$H31) -> 6.6131868 | R28: =SUM(W24:W27) -> 0 | S28: =MAX(E28:E31)/SUM($H24:$H27) -> 9.1407678 | T28: =MIN(F28:F31)/SUM($H24:$H27) -> 5.5009141 | AC28: =D33 -> #VALUE! | AJ28: 27년 | AK28: =AK23*$AJ$25 -> #REF! | AL28: =MID(C28,3,2)&"."&ROUNDUP(MID(C28,6,2)/3,0)&"Q" -> #VALUE! | AM28: =IFERROR(VLOOKUP($C28,[1]Src!$B$2:$AI$130,7,0),"") -> 219 | AN28: =IFERROR(VLOOKUP($C28,[1]Src!$B$2:$AI$130,8,0),"") -> 7 | AO28: =IFERROR(VLOOKUP($C28,[1]Src!$B$2:$AI$130,9,0),"") -> 5 | AP28: =IFERROR(VLOOKUP($C28,[1]Src!$B$2:$AI$130,10,0),"") -> 42 | AQ28: =AO28/$AN28 -> 0.71428571 | AR28: =AP28/$AN28 -> 6
A29: =LEFT(D29,2) -> #VALUE! | B29: =[1]Src!S19 -> 0 | C29: =[1]Src!B19 -> 44470 | D29: =MID(C29,3,2)&"."&ROUNDUP(MID(C29,6,2)/3,0)&"Q" -> #VALUE! | E29: =IFERROR(VLOOKUP($C29,[1]Src!$B:$AI,3,0),"") -> 3981 | F29: =IFERROR(VLOOKUP($C29,[1]Src!$B:$AI,4,0),"") -> 3331 | G29: =IFERROR(VLOOKUP($C29,[1]Src!$B:$AI,5,0),"") -> 3604 | H29: =IFERROR(VLOOKUP($C29,[1]Src!$B:$AI,10,0),"") -> 209 | I29: =SUM(H26:H29) -> 486 | J29: =E29/SUM($H26:$H29) -> 8.191358 | K29: =F29/SUM($H26:$H29) -> 6.8539095 | L29: =SUM(H29:H32) -> 478 | M29: =E29/SUM($H29:$H32) -> 8.3284519 | N29: =F29/SUM($H29:$H32) -> 6.9686192 | P29: =MAX(E29:E30)/SUM($H29:$H32) -> 10.269874 | Q29: =MIN(F29:F30)/SUM($H29:$H32) -> 6.9686192 | R29: =SUM(W25:W28) -> 0 | S29: =MAX(E29:E32)/SUM($H25:$H28) -> 11.748387 | T29: =MIN(F29:F32)/SUM($H25:$H28) -> 7.1634409 | U29: =INT(LEFT(D29,2)) -> #VALUE! | AC29: =D34 -> #VALUE! | AL29: =MID(C29,3,2)&"."&ROUNDUP(MID(C29,6,2)/3,0)&"Q" -> #VALUE! | AM29: =IFERROR(VLOOKUP($C29,[1]Src!$B$2:$AI$130,7,0),"") -> 515 | AN29: =IFERROR(VLOOKUP($C29,[1]Src!$B$2:$AI$130,8,0),"") -> 30 | AO29: =IFERROR(VLOOKUP($C29,[1]Src!$B$2:$AI$130,9,0),"") -> 27 | AP29: =IFERROR(VLOOKUP($C29,[1]Src!$B$2:$AI$130,10,0),"") -> 209 | AQ29: =AO29/$AN29 -> 0.9 | AR29: =AP29/$AN29 -> 6.9666667
A30: =LEFT(D30,2) -> #VALUE! | B30: =[1]Src!S20 -> 13.86 | C30: =[1]Src!B20 -> 44378 | D30: =MID(C30,3,2)&"."&ROUNDUP(MID(C30,6,2)/3,0)&"Q" -> #VALUE! | E30: =IFERROR(VLOOKUP($C30,[1]Src!$B:$AI,3,0),"") -> 4909 | F30: =IFERROR(VLOOKUP($C30,[1]Src!$B:$AI,4,0),"") -> 3436 | G30: =IFERROR(VLOOKUP($C30,[1]Src!$B:$AI,5,0),"") -> 3631 | H30: =IFERROR(VLOOKUP($C30,[1]Src!$B:$AI,10,0),"") -> 68 | I30: =SUM(H27:H30) -> 481 | J30: =E30/SUM($H27:$H30) -> 10.205821 | K30: =F30/SUM($H27:$H30) -> 7.1434511 | L30: =SUM(H30:H33) -> 419 | M30: =E30/SUM($H30:$H33) -> 11.71599 | N30: =F30/SUM($H30:$H33) -> 8.2004773 | P30: =MAX(E30:E31)/SUM($H30:$H33) -> 11.933174 | Q30: =MIN(F30:F31)/SUM($H30:$H33) -> 8.2004773 | R30: =SUM(H26:H29) -> 486 | S30: =MAX(E30:E33)/SUM($H26:$H29) -> 12.718107 | T30: =MIN(F30:F33)/SUM($H26:$H29) -> 5.7201646 | AC30: =D35 -> #VALUE! | AL30: =MID(C30,3,2)&"."&ROUNDUP(MID(C30,6,2)/3,0)&"Q" -> #VALUE! | AM30: =IFERROR(VLOOKUP($C30,[1]Src!$B$2:$AI$130,7,0),"") -> 257 | AN30: =IFERROR(VLOOKUP($C30,[1]Src!$B$2:$AI$130,8,0),"") -> 14 | AO30: =IFERROR(VLOOKUP($C30,[1]Src!$B$2:$AI$130,9,0),"") -> 9 | AP30: =IFERROR(VLOOKUP($C30,[1]Src!$B$2:$AI$130,10,0),"") -> 68 | AQ30: =AO30/$AN30 -> 0.64285714 | AR30: =AP30/$AN30 -> 4.8571429
A31: =LEFT(D31,2) -> #VALUE! | B31: =[1]Src!S21 -> 29.2 | C31: =[1]Src!B21 -> 44287 | D31: =MID(C31,3,2)&"."&ROUNDUP(MID(C31,6,2)/3,0)&"Q" -> #VALUE! | E31: =IFERROR(VLOOKUP($C31,[1]Src!$B:$AI,3,0),"") -> 5000 | F31: =IFERROR(VLOOKUP($C31,[1]Src!$B:$AI,4,0),"") -> 4086 | G31: =IFERROR(VLOOKUP($C31,[1]Src!$B:$AI,5,0),"") -> 4590 | H31: =IFERROR(VLOOKUP($C31,[1]Src!$B:$AI,10,0),"") -> 136 | I31: =SUM(H28:H31) -> 455 | J31: =E31/SUM($H28:$H31) -> 10.989011 | K31: =F31/SUM($H28:$H31) -> 8.9802198 | L31: =SUM(H31:H34) -> 511 | M31: =E31/SUM($H31:$H34) -> 9.7847358 | N31: =F31/SUM($H31:$H34) -> 7.9960861 | O31: =SUM(H31:H34) -> 511 | P31: =MAX(E31:E32)/SUM($H31:$H34) -> 10.690802 | Q31: =MIN(F31:F32)/SUM($H31:$H34) -> 6.7592955 | S31: =MAX(E31:E34)/SUM($H27:$H30) -> 12.850312 | T31: =MIN(F31:F34)/SUM($H27:$H30) -> 3.981289 | AC31: =D36 -> #VALUE! | AL31: =MID(C31,3,2)&"."&ROUNDUP(MID(C31,6,2)/3,0)&"Q" -> #VALUE! | AM31: =IFERROR(VLOOKUP($C31,[1]Src!$B$2:$AI$130,7,0),"") -> 234 | AN31: =IFERROR(VLOOKUP($C31,[1]Src!$B$2:$AI$130,8,0),"") -> 10 | AO31: =IFERROR(VLOOKUP($C31,[1]Src!$B$2:$AI$130,9,0),"") -> 18 | AP31: =IFERROR(VLOOKUP($C31,[1]Src!$B$2:$AI$130,10,0),"") -> 136 | AQ31: =AO31/$AN31 -> 1.8 | AR31: =AP31/$AN31 -> 13.6
A32: =LEFT(D32,2) -> #VALUE! | B32: =[1]Src!S22 -> 14.83 | C32: =[1]Src!B22 -> 44200 | D32: =MID(C32,3,2)&"."&ROUNDUP(MID(C32,6,2)/3,0)&"Q" -> #VALUE! | E32: =IFERROR(VLOOKUP($C32,[1]Src!$B:$AI,3,0),"") -> 5463 | F32: =IFERROR(VLOOKUP($C32,[1]Src!$B:$AI,4,0),"") -> 3454 | G32: =IFERROR(VLOOKUP($C32,[1]Src!$B:$AI,5,0),"") -> 4254 | H32: =IFERROR(VLOOKUP($C32,[1]Src!$B:$AI,10,0),"") -> 65 | I32: =SUM(H29:H32) -> 478 | J32: =E32/SUM($H29:$H32) -> 11.42887 | K32: =F32/SUM($H29:$H32) -> 7.2259414 | L32: =SUM(H32:H35) -> 551 | M32: =E32/SUM($H32:$H35) -> 9.9147005 | N32: =F32/SUM($H32:$H35) -> 6.2686025 | O32: =SUM(H32:H35) -> 551 | P32: =MAX(E32:E33)/SUM($H32:$H35) -> 11.217786 | Q32: =MIN(F32:F33)/SUM($H32:$H35) -> 5.0453721 | S32: =MAX(E32:E35)/SUM($H28:$H31) -> 13.584615 | T32: =MIN(F32:F35)/SUM($H28:$H31) -> 3.9582418 | AC32: =D37 -> #VALUE! | AL32: =MID(C32,3,2)&"."&ROUNDUP(MID(C32,6,2)/3,0)&"Q" -> #VALUE! | AM32: =IFERROR(VLOOKUP($C32,[1]Src!$B$2:$AI$130,7,0),"") -> 211 | AN32: =IFERROR(VLOOKUP($C32,[1]Src!$B$2:$AI$130,8,0),"") -> 4 | AO32: =IFERROR(VLOOKUP($C32,[1]Src!$B$2:$AI$130,9,0),"") -> 9 | AP32: =IFERROR(VLOOKUP($C32,[1]Src!$B$2:$AI$130,10,0),"") -> 65
A33: =LEFT(D33,2) -> #VALUE! | B33: =[1]Src!S23 -> 36.1 | C33: =[1]Src!B23 -> 44109 | D33: =MID(C33,3,2)&"."&ROUNDUP(MID(C33,6,2)/3,0)&"Q" -> #VALUE! | E33: =IFERROR(VLOOKUP($C33,[1]Src!$B:$AI,3,0),"") -> 6181 | F33: =IFERROR(VLOOKUP($C33,[1]Src!$B:$AI,4,0),"") -> 2780 | G33: =IFERROR(VLOOKUP($C33,[1]Src!$B:$AI,5,0),"") -> 5463 | H33: =IFERROR(VLOOKUP($C33,[1]Src!$B:$AI,10,0),"") -> 150 | I33: =SUM(H30:H33) -> 419 | J33: =E33/SUM($H30:$H33) -> 14.75179 | K33: =F33/SUM($H30:$H33) -> 6.6348449 | L33: =SUM(H33:H36) -> 462 | M33: =E33/SUM($H33:$H36) -> 13.378788 | N33: =F33/SUM($H33:$H36) -> 6.017316 | P33: =MAX(E33:E34)/SUM($H33:$H36) -> 13.378788 | Q33: =MIN(F33:F34)/SUM($H33:$H36) -> 4.1450216 | S33: =MAX(E33:E36)/SUM($H29:$H32) -> 12.930962 | T33: =MIN(F33:F36)/SUM($H29:$H32) -> 3.167364 | U33: =INT(LEFT(D33,2)) -> #VALUE! | AC33: =D38 -> #VALUE! | AL33: =MID(C33,3,2)&"."&ROUNDUP(MID(C33,6,2)/3,0)&"Q" -> #VALUE! | AM33: =IFERROR(VLOOKUP($C33,[1]Src!$B$2:$AI$130,7,0),"") -> 362 | AN33: =IFERROR(VLOOKUP($C33,[1]Src!$B$2:$AI$130,8,0),"") -> 21 | AO33: =IFERROR(VLOOKUP($C33,[1]Src!$B$2:$AI$130,9,0),"") -> 20 | AP33: =IFERROR(VLOOKUP($C33,[1]Src!$B$2:$AI$130,10,0),"") -> 150
A34: =LEFT(D34,2) -> #VALUE! | B34: =[1]Src!S24 -> 41.17 | C34: =[1]Src!B24 -> 44013 | D34: =MID(C34,3,2)&"."&ROUNDUP(MID(C34,6,2)/3,0)&"Q" -> #VALUE! | E34: =IFERROR(VLOOKUP($C34,[1]Src!$B:$AI,3,0),"") -> 3830 | F34: =IFERROR(VLOOKUP($C34,[1]Src!$B:$AI,4,0),"") -> 1915 | G34: =IFERROR(VLOOKUP($C34,[1]Src!$B:$AI,5,0),"") -> 3083 | H34: =IFERROR(VLOOKUP($C34,[1]Src!$B:$AI,10,0),"") -> 160 | I34: =SUM(H31:H34) -> 511 | J34: =E34/SUM($H31:$H34) -> 7.4951076 | K34: =F34/SUM($H31:$H34) -> 3.7475538 | L34: =SUM(H34:H37) -> 53 | M34: =E34/SUM($H34:$H37) -> 72.264151 | N34: =F34/SUM($H34:$H37) -> 36.132075 | P34: =MAX(E34:E35)/SUM($H34:$H37) -> 72.264151 | Q34: =MIN(F34:F35)/SUM($H34:$H37) -> 33.981132 | R34: =SUM(H30:H33) -> 419 | S34: =MAX(E34:E37)/SUM($H30:$H33) -> 9.1408115 | T34: =MIN(F34:F37)/SUM($H30:$H33) -> 3.6133652 | AC34: =D39 -> #VALUE! | AL34: =MID(C34,3,2)&"."&ROUNDUP(MID(C34,6,2)/3,0)&"Q" -> #VALUE! | AM34: =IFERROR(VLOOKUP($C34,[1]Src!$B$2:$AI$130,7,0),"") -> 282 | AN34: =IFERROR(VLOOKUP($C34,[1]Src!$B$2:$AI$130,8,0),"") -> 22 | AO34: =IFERROR(VLOOKUP($C34,[1]Src!$B$2:$AI$130,9,0),"") -> 21 | AP34: =IFERROR(VLOOKUP($C34,[1]Src!$B$2:$AI$130,10,0),"") -> 160
A35: =LEFT(D35,2) -> #VALUE! | B35: =[1]Src!S25 -> 49.57 | C35: =[1]Src!B25 -> 43922 | D35: =MID(C35,3,2)&"."&ROUNDUP(MID(C35,6,2)/3,0)&"Q" -> #VALUE! | E35: =IFERROR(VLOOKUP($C35,[1]Src!$B:$AI,3,0),"") -> 2425 | F35: =IFERROR(VLOOKUP($C35,[1]Src!$B:$AI,4,0),"") -> 1801 | G35: =IFERROR(VLOOKUP($C35,[1]Src!$B:$AI,5,0),"") -> 1955 | H35: =IFERROR(VLOOKUP($C35,[1]Src!$B:$AI,10,0),"") -> 176 | I35: =SUM(H32:H35) -> 551 | J35: =E35/SUM($H32:$H35) -> 4.4010889 | K35: =F35/SUM($H32:$H35) -> 3.2686025 | L35: =SUM(H35:H38) -> -92 | M35: =E35/SUM($H35:$H38) -> -26.358696 | N35: =F35/SUM($H35:$H38) -> -19.576087 | O35: =SUM(H35:H38) -> -92 | P35: =MAX(E35:E36)/SUM($H35:$H38) -> -26.695652 | Q35: =MIN(F35:F36)/SUM($H35:$H38) -> -16.456522 | S35: =MAX(E35:E38)/SUM($H31:$H34) -> 6.1663405 | T35: =MIN(F35:F38)/SUM($H31:$H34) -> 2.962818 | AC35: =D40 -> #VALUE! | AL35: =MID(C35,3,2)&"."&ROUNDUP(MID(C35,6,2)/3,0)&"Q" -> #VALUE! | AM35: =IFERROR(VLOOKUP($C35,[1]Src!$B$2:$AI$130,7,0),"") -> 291 | AN35: =IFERROR(VLOOKUP($C35,[1]Src!$B$2:$AI$130,8,0),"") -> 21 | AO35: =IFERROR(VLOOKUP($C35,[1]Src!$B$2:$AI$130,9,0),"") -> 23 | AP35: =IFERROR(VLOOKUP($C35,[1]Src!$B$2:$AI$130,10,0),"") -> 176
A36: =LEFT(D36,2) -> #VALUE! | B36: =[1]Src!S26 -> -7.24 | C36: =[1]Src!B26 -> 43832 | D36: =MID(C36,3,2)&"."&ROUNDUP(MID(C36,6,2)/3,0)&"Q" -> #VALUE! | E36: =IFERROR(VLOOKUP($C36,[1]Src!$B:$AI,3,0),"") -> 2456 | F36: =IFERROR(VLOOKUP($C36,[1]Src!$B:$AI,4,0),"") -> 1514 | G36: =IFERROR(VLOOKUP($C36,[1]Src!$B:$AI,5,0),"") -> 1844 | H36: =IFERROR(VLOOKUP($C36,[1]Src!$B:$AI,10,0),"") -> -24 | I36: =SUM(H33:H36) -> 462 | J36: =E36/SUM($H33:$H36) -> 5.3160173 | K36: =F36/SUM($H33:$H36) -> 3.2770563 | L36: =SUM(H36:H39) -> -950 | M36: =E36/SUM($H36:$H39) -> -2.5852632 | N36: =F36/SUM($H36:$H39) -> -1.5936842 | O36: =SUM(H36:H39) -> -950 | P36: =MAX(E36:E37)/SUM($H36:$H39) -> -2.5852632 | Q36: =MIN(F36:F37)/SUM($H36:$H39) -> -1.5936842 | S36: =MAX(E36:E39)/SUM($H32:$H35) -> 8.969147 | T36: =MIN(F36:F39)/SUM($H32:$H35) -> 2.7477314 | AC36: =D41 -> #VALUE! | AL36: =MID(C36,3,2)&"."&ROUNDUP(MID(C36,6,2)/3,0)&"Q" -> #VALUE! | AM36: =IFERROR(VLOOKUP($C36,[1]Src!$B$2:$AI$130,7,0),"") -> 185 | AN36: =IFERROR(VLOOKUP($C36,[1]Src!$B$2:$AI$130,8,0),"") -> -3 | AO36: =IFERROR(VLOOKUP($C36,[1]Src!$B$2:$AI$130,9,0),"") -> -3 | AP36: =IFERROR(VLOOKUP($C36,[1]Src!$B$2:$AI$130,10,0),"") -> -24
A37: =LEFT(D37,2) -> #VALUE! | B37: =[1]Src!S27 -> -68.63 | C37: =[1]Src!B27 -> 43739 | D37: =MID(C37,3,2)&"."&ROUNDUP(MID(C37,6,2)/3,0)&"Q" -> #VALUE! | E37: =IFERROR(VLOOKUP($C37,[1]Src!$B:$AI,3,0),"") -> 2116 | F37: =IFERROR(VLOOKUP($C37,[1]Src!$B:$AI,4,0),"") -> 1690 | G37: =IFERROR(VLOOKUP($C37,[1]Src!$B:$AI,5,0),"") -> 1986 | H37: =IFERROR(VLOOKUP($C37,[1]Src!$B:$AI,10,0),"") -> -259 | I37: =SUM(H34:H37) -> 53 | J37: =E37/SUM($H34:$H37) -> 39.924528 | K37: =F37/SUM($H34:$H37) -> 31.886792 | L37: =SUM(H37:H40) -> -909 | M37: =E37/SUM($H37:$H40) -> -2.3278328 | N37: =F37/SUM($H37:$H40) -> -1.8591859 | P37: =MAX(E37:E38)/SUM($H37:$H40) -> -3.4664466 | Q37: =MIN(F37:F38)/SUM($H37:$H40) -> -1.8591859 | S37: =MAX(E37:E40)/SUM($H33:$H36) -> 10.69697 | T37: =MIN(F37:F40)/SUM($H33:$H36) -> 3.6580087 | U37: =INT(LEFT(D37,2)) -> #VALUE! | AC37: =D42 -> #VALUE! | AL37: =MID(C37,3,2)&"."&ROUNDUP(MID(C37,6,2)/3,0)&"Q" -> #VALUE! | AM37: =IFERROR(VLOOKUP($C37,[1]Src!$B$2:$AI$130,7,0),"") -> 400 | AN37: =IFERROR(VLOOKUP($C37,[1]Src!$B$2:$AI$130,8,0),"") -> 17 | AO37: =IFERROR(VLOOKUP($C37,[1]Src!$B$2:$AI$130,9,0),"") -> -34 | AP37: =IFERROR(VLOOKUP($C37,[1]Src!$B$2:$AI$130,10,0),"") -> -259
A38: =LEFT(D38,2) -> #VALUE! | B38: =[1]Src!S28 -> 3.52 | C38: =[1]Src!B28 -> 43647 | D38: =MID(C38,3,2)&"."&ROUNDUP(MID(C38,6,2)/3,0)&"Q" -> #VALUE! | E38: =IFERROR(VLOOKUP($C38,[1]Src!$B:$AI,3,0),"") -> 3151 | F38: =IFERROR(VLOOKUP($C38,[1]Src!$B:$AI,4,0),"") -> 1773 | G38: =IFERROR(VLOOKUP($C38,[1]Src!$B:$AI,5,0),"") -> 1986 | H38: =IFERROR(VLOOKUP($C38,[1]Src!$B:$AI,10,0),"") -> 15 | I38: =SUM(H35:H38) -> -92 | J38: =E38/SUM($H35:$H38) -> -34.25 | K38: =F38/SUM($H35:$H38) -> -19.271739 | L38: =SUM(H38:H41) -> -500 | M38: =E38/SUM($H38:$H41) -> -6.302 | N38: =F38/SUM($H38:$H41) -> -3.546 | P38: =MAX(E38:E39)/SUM($H38:$H41) -> -9.884 | Q38: =MIN(F38:F39)/SUM($H38:$H41) -> -3.546 | R38: =SUM(H34:H37) -> 53 | S38: =MAX(E38:E41)/SUM($H34:$H37) -> 93.245283 | T38: =MIN(F38:F41)/SUM($H34:$H37) -> 33.45283 | AC38: =D43 -> #VALUE! | AL38: =MID(C38,3,2)&"."&ROUNDUP(MID(C38,6,2)/3,0)&"Q" -> #VALUE! | AM38: =IFERROR(VLOOKUP($C38,[1]Src!$B$2:$AI$130,7,0),"") -> 208 | AN38: =IFERROR(VLOOKUP($C38,[1]Src!$B$2:$AI$130,8,0),"") -> 1 | AO38: =IFERROR(VLOOKUP($C38,[1]Src!$B$2:$AI$130,9,0),"") -> 2 | AP38: =IFERROR(VLOOKUP($C38,[1]Src!$B$2:$AI$130,10,0),"") -> 15
A39: =LEFT(D39,2) -> #VALUE! | B39: =[1]Src!S29 -> -137.03 | C39: =[1]Src!B29 -> 43556 | D39: =MID(C39,3,2)&"."&ROUNDUP(MID(C39,6,2)/3,0)&"Q" -> #VALUE! | E39: =IFERROR(VLOOKUP($C39,[1]Src!$B:$AI,3,0),"") -> 4942 | F39: =IFERROR(VLOOKUP($C39,[1]Src!$B:$AI,4,0),"") -> 2907 | G39: =IFERROR(VLOOKUP($C39,[1]Src!$B:$AI,5,0),"") -> 3049 | H39: =IFERROR(VLOOKUP($C39,[1]Src!$B:$AI,10,0),"") -> -682 | I39: =SUM(H36:H39) -> -950 | J39: =E39/SUM($H36:$H39) -> -5.2021053 | K39: =F39/SUM($H36:$H39) -> -3.06 | L39: =SUM(H39:H42) -> -499 | M39: =E39/SUM($H39:$H42) -> -9.9038076 | N39: =F39/SUM($H39:$H42) -> -5.8256513 | O39: =SUM(H39:H42) -> -499 | P39: =MAX(E39:E40)/SUM($H39:$H42) -> -9.9038076 | Q39: =MIN(F39:F40)/SUM($H39:$H42) -> -5.8256513 | S39: =MAX(E39:E42)/SUM($H35:$H38) -> -65.804348 | T39: =MIN(F39:F42)/SUM($H35:$H38) -> -21.48913 | AC39: =D44 -> #VALUE! | AL39: =MID(C39,3,2)&"."&ROUNDUP(MID(C39,6,2)/3,0)&"Q" -> #VALUE! | AM39: =IFERROR(VLOOKUP($C39,[1]Src!$B$2:$AI$130,7,0),"") -> 259 | AN39: =IFERROR(VLOOKUP($C39,[1]Src!$B$2:$AI$130,8,0),"") -> 10 | AO39: =IFERROR(VLOOKUP($C39,[1]Src!$B$2:$AI$130,9,0),"") -> -89 | AP39: =IFERROR(VLOOKUP($C39,[1]Src!$B$2:$AI$130,10,0),"") -> -682 | AQ39: 23.1Q | AR39: 22.4Q
A40: =LEFT(D40,2) -> #VALUE! | B40: =[1]Src!S30 -> 2.85 | C40: =[1]Src!B30 -> 43467 | D40: =MID(C40,3,2)&"."&ROUNDUP(MID(C40,6,2)/3,0)&"Q" -> #VALUE! | E40: =IFERROR(VLOOKUP($C40,[1]Src!$B:$AI,3,0),"") -> 4232 | F40: =IFERROR(VLOOKUP($C40,[1]Src!$B:$AI,4,0),"") -> 3305 | G40: =IFERROR(VLOOKUP($C40,[1]Src!$B:$AI,5,0),"") -> 3398 | H40: =IFERROR(VLOOKUP($C40,[1]Src!$B:$AI,10,0),"") -> 17 | I40: =SUM(H37:H40) -> -909 | J40: =E40/SUM($H37:$H40) -> -4.6556656 | K40: =F40/SUM($H37:$H40) -> -3.6358636 | L40: =SUM(H40:H43) -> 210 | M40: =E40/SUM($H40:$H43) -> 20.152381 | N40: =F40/SUM($H40:$H43) -> 15.738095 | O40: =SUM(H40:H43) -> 210 | P40: =MAX(E40:E41)/SUM($H40:$H43) -> 20.519048 | Q40: =MIN(F40:F41)/SUM($H40:$H43) -> 9.4142857 | S40: =MAX(E40:E43)/SUM($H36:$H39) -> -6.3726316 | T40: =MIN(F40:F43)/SUM($H36:$H39) -> -2.0810526 | AC40: =D45 -> #VALUE! | AL40: =MID(C40,3,2)&"."&ROUNDUP(MID(C40,6,2)/3,0)&"Q" -> #VALUE! | AM40: =IFERROR(VLOOKUP($C40,[1]Src!$B$2:$AI$130,7,0),"") -> 174 | AN40: =IFERROR(VLOOKUP($C40,[1]Src!$B$2:$AI$130,8,0),"") -> 2 | AO40: =IFERROR(VLOOKUP($C40,[1]Src!$B$2:$AI$130,9,0),"") -> 2 | AP40: =IFERROR(VLOOKUP($C40,[1]Src!$B$2:$AI$130,10,0),"") -> 17 | AQ40: 4000수준 | AR40: 3500수준
A41: =LEFT(D41,2) -> #VALUE! | B41: =[1]Src!S31 -> 26.73 | C41: =[1]Src!B31 -> 43374 | D41: =MID(C41,3,2)&"."&ROUNDUP(MID(C41,6,2)/3,0)&"Q" -> #VALUE! | E41: =IFERROR(VLOOKUP($C41,[1]Src!$B:$AI,3,0),"") -> 4309 | F41: =IFERROR(VLOOKUP($C41,[1]Src!$B:$AI,4,0),"") -> 1977 | G41: =IFERROR(VLOOKUP($C41,[1]Src!$B:$AI,5,0),"") -> 3908 | H41: =IFERROR(VLOOKUP($C41,[1]Src!$B:$AI,10,0),"") -> 150 | I41: =SUM(H38:H41) -> -500 | J41: =E41/SUM($H38:$H41) -> -8.618 | K41: =F41/SUM($H38:$H41) -> -3.954 | L41: =SUM(H41:H44) -> 182 | M41: =E41/SUM($H41:$H44) -> 23.675824 | N41: =F41/SUM($H41:$H44) -> 10.862637 | P41: =MAX(E41:E42)/SUM($H41:$H44) -> 33.263736 | Q41: =MIN(F41:F42)/SUM($H41:$H44) -> 10.862637 | S41: =MAX(E41:E44)/SUM($H37:$H40) -> -6.660066 | T41: =MIN(F41:F44)/SUM($H37:$H40) -> -1.3762376 | U41: =INT(LEFT(D41,2)) -> #VALUE! | AC41: =D46 -> #VALUE! | AL41: =MID(C41,3,2)&"."&ROUNDUP(MID(C41,6,2)/3,0)&"Q" -> #VALUE! | AM41: =IFERROR(VLOOKUP($C41,[1]Src!$B$2:$AI$130,7,0),"") -> 349 | AN41: =IFERROR(VLOOKUP($C41,[1]Src!$B$2:$AI$130,8,0),"") -> 23 | AO41: =IFERROR(VLOOKUP($C41,[1]Src!$B$2:$AI$130,9,0),"") -> 20 | AP41: =IFERROR(VLOOKUP($C41,[1]Src!$B$2:$AI$130,10,0),"") -> 150 | AQ41: 849
A42: =LEFT(D42,2) -> #VALUE! | B42: =[1]Src!S32 -> 0 | C42: =[1]Src!B32 -> 43283 | D42: =MID(C42,3,2)&"."&ROUNDUP(MID(C42,6,2)/3,0)&"Q" -> #VALUE! | E42: =IFERROR(VLOOKUP($C42,[1]Src!$B:$AI,3,0),"") -> 6054 | F42: =IFERROR(VLOOKUP($C42,[1]Src!$B:$AI,4,0),"") -> 3089 | G42: =IFERROR(VLOOKUP($C42,[1]Src!$B:$AI,5,0),"") -> 3537 | H42: =IFERROR(VLOOKUP($C42,[1]Src!$B:$AI,10,0),"") -> 16 | I42: =SUM(H39:H42) -> -499 | J42: =E42/SUM($H39:$H42) -> -12.132265 | K42: =F42/SUM($H39:$H42) -> -6.1903808 | L42: =SUM(H42:H45) -> 32 | M42: =E42/SUM($H42:$H45) -> 189.1875 | N42: =F42/SUM($H42:$H45) -> 96.53125 | O42: =SUM(H42:H45) -> 32 | P42: =MAX(E42:E43)/SUM($H42:$H45) -> 189.1875 | Q42: =MIN(F42:F43)/SUM($H42:$H45) -> 71.4375 | R42: =SUM(H38:H41) -> -500 | S42: =MAX(E42:E45)/SUM($H38:$H41) -> -12.108 | T42: =MIN(F42:F45)/SUM($H38:$H41) -> -2.472 | AC42: =D47 -> #VALUE! | AL42: =MID(C42,3,2)&"."&ROUNDUP(MID(C42,6,2)/3,0)&"Q" -> #VALUE! | AM42: =IFERROR(VLOOKUP($C42,[1]Src!$B$2:$AI$130,7,0),"") -> 156 | AN42: =IFERROR(VLOOKUP($C42,[1]Src!$B$2:$AI$130,8,0),"") -> 1 | AO42: =IFERROR(VLOOKUP($C42,[1]Src!$B$2:$AI$130,9,0),"") -> 2 | AP42: =IFERROR(VLOOKUP($C42,[1]Src!$B$2:$AI$130,10,0),"") -> 16
A43: =LEFT(D43,2) -> #VALUE! | B43: =[1]Src!S33 -> 0 | C43: =[1]Src!B33 -> 43192 | D43: =MID(C43,3,2)&"."&ROUNDUP(MID(C43,6,2)/3,0)&"Q" -> #VALUE! | E43: =IFERROR(VLOOKUP($C43,[1]Src!$B:$AI,3,0),"") -> 4927 | F43: =IFERROR(VLOOKUP($C43,[1]Src!$B:$AI,4,0),"") -> 2286 | G43: =IFERROR(VLOOKUP($C43,[1]Src!$B:$AI,5,0),"") -> 3877 | H43: =IFERROR(VLOOKUP($C43,[1]Src!$B:$AI,10,0),"") -> 27 | I43: =SUM(H40:H43) -> 210 | J43: =E43/SUM($H40:$H43) -> 23.461905 | K43: =F43/SUM($H40:$H43) -> 10.885714 | L43: =SUM(H43:H46) -> 132 | M43: =E43/SUM($H43:$H46) -> 37.325758 | N43: =F43/SUM($H43:$H46) -> 17.318182 | P43: =MAX(E43:E44)/SUM($H43:$H46) -> 37.325758 | Q43: =MIN(F43:F44)/SUM($H43:$H46) -> 9.4772727 | S43: =MAX(E43:E46)/SUM($H39:$H42) -> -9.8737475 | T43: =MIN(F43:F46)/SUM($H39:$H42) -> -2.4709419 | AC43: =D48 -> #VALUE! | AL43: =MID(C43,3,2)&"."&ROUNDUP(MID(C43,6,2)/3,0)&"Q" -> #VALUE! | AM43: =IFERROR(VLOOKUP($C43,[1]Src!$B$2:$AI$130,7,0),"") -> 169 | AN43: =IFERROR(VLOOKUP($C43,[1]Src!$B$2:$AI$130,8,0),"") -> 8 | AO43: =IFERROR(VLOOKUP($C43,[1]Src!$B$2:$AI$130,9,0),"") -> 3 | AP43: =IFERROR(VLOOKUP($C43,[1]Src!$B$2:$AI$130,10,0),"") -> 27
A44: =LEFT(D44,2) -> #VALUE! | B44: =[1]Src!S34 -> -2.52 | C44: =[1]Src!B34 -> 43102 | D44: =MID(C44,3,2)&"."&ROUNDUP(MID(C44,6,2)/3,0)&"Q" -> #VALUE! | E44: =IFERROR(VLOOKUP($C44,[1]Src!$B:$AI,3,0),"") -> 2388 | F44: =IFERROR(VLOOKUP($C44,[1]Src!$B:$AI,4,0),"") -> 1251 | G44: =IFERROR(VLOOKUP($C44,[1]Src!$B:$AI,5,0),"") -> 2286 | H44: =IFERROR(VLOOKUP($C44,[1]Src!$B:$AI,10,0),"") -> -11 | I44: =SUM(H41:H44) -> 182 | J44: =E44/SUM($H41:$H44) -> 13.120879 | K44: =F44/SUM($H41:$H44) -> 6.8736264 | L44: =SUM(H44:H47) -> 105 | M44: =E44/SUM($H44:$H47) -> 22.742857 | N44: =F44/SUM($H44:$H47) -> 11.914286 | O44: =SUM(H44:H47) -> 105 | P44: =MAX(E44:E45)/SUM($H44:$H47) -> 22.742857 | Q44: =MIN(F44:F45)/SUM($H44:$H47) -> 11.771429 | S44: =MAX(E44:E47)/SUM($H40:$H43) -> 11.371429 | T44: =MIN(F44:F47)/SUM($H40:$H43) -> 5.8714286 | AC44: =D49 -> #VALUE! | AL44: =MID(C44,3,2)&"."&ROUNDUP(MID(C44,6,2)/3,0)&"Q" -> #VALUE! | AM44: =IFERROR(VLOOKUP($C44,[1]Src!$B$2:$AI$130,7,0),"") -> 116 | AN44: =IFERROR(VLOOKUP($C44,[1]Src!$B$2:$AI$130,8,0),"") -> -2 | AO44: =IFERROR(VLOOKUP($C44,[1]Src!$B$2:$AI$130,9,0),"") -> -1 | AP44: =IFERROR(VLOOKUP($C44,[1]Src!$B$2:$AI$130,10,0),"") -> -11
A45: =LEFT(D45,2) -> #VALUE! | B45: =[1]Src!S35 -> 0 | C45: =[1]Src!B35 -> 43018 | D45: =MID(C45,3,2)&"."&ROUNDUP(MID(C45,6,2)/3,0)&"Q" -> #VALUE! | E45: =IFERROR(VLOOKUP($C45,[1]Src!$B:$AI,3,0),"") -> 1251 | F45: =IFERROR(VLOOKUP($C45,[1]Src!$B:$AI,4,0),"") -> 1236 | G45: =IFERROR(VLOOKUP($C45,[1]Src!$B:$AI,5,0),"") -> 1251 | H45: =IFERROR(VLOOKUP($C45,[1]Src!$B:$AI,10,0),"") -> 0 | I45: =SUM(H42:H45) -> 32 | J45: =E45/SUM($H42:$H45) -> 39.09375 | K45: =F45/SUM($H42:$H45) -> 38.625 | L45: =SUM(H45:H48) -> 95 | M45: =E45/SUM($H45:$H48) -> 13.168421 | N45: =F45/SUM($H45:$H48) -> 13.010526 | P45: =MAX(E45:E46)/SUM($H45:$H48) -> 13.378947 | Q45: =MIN(F45:F46)/SUM($H45:$H48) -> 12.978947 | S45: =MAX(E45:E48)/SUM($H41:$H44) -> 6.9835165 | T45: =MIN(F45:F48)/SUM($H41:$H44) -> 6.7747253 | U45: =INT(LEFT(D45,2)) -> #VALUE! | AC45: =D50 -> #VALUE! | AL45: =MID(C45,3,2)&"."&ROUNDUP(MID(C45,6,2)/3,0)&"Q" -> #VALUE! | AM45: =IFERROR(VLOOKUP($C45,[1]Src!$B$2:$AI$130,7,0),"") -> 0 | AN45: =IFERROR(VLOOKUP($C45,[1]Src!$B$2:$AI$130,8,0),"") -> 0 | AO45: =IFERROR(VLOOKUP($C45,[1]Src!$B$2:$AI$130,9,0),"") -> 0 | AP45: =IFERROR(VLOOKUP($C45,[1]Src!$B$2:$AI$130,10,0),"") -> 0
A46: =LEFT(D46,2) -> #VALUE! | B46: =[1]Src!S36 -> 0 | C46: =[1]Src!B36 -> 42919 | D46: =MID(C46,3,2)&"."&ROUNDUP(MID(C46,6,2)/3,0)&"Q" -> #VALUE! | E46: =IFERROR(VLOOKUP($C46,[1]Src!$B:$AI,3,0),"") -> 1271 | F46: =IFERROR(VLOOKUP($C46,[1]Src!$B:$AI,4,0),"") -> 1233 | G46: =IFERROR(VLOOKUP($C46,[1]Src!$B:$AI,5,0),"") -> 1236 | H46: =IFERROR(VLOOKUP($C46,[1]Src!$B:$AI,10,0),"") -> 116 | I46: =SUM(H43:H46) -> 132 | J46: =E46/SUM($H43:$H46) -> 9.6287879 | K46: =F46/SUM($H43:$H46) -> 9.3409091 | L46: =SUM(H46:H49) -> 95 | M46: =E46/SUM($H46:$H49) -> 13.378947 | N46: =F46/SUM($H46:$H49) -> 12.978947 | O46: =SUM(H46:H49) -> 95 | P46: =MAX(E46:E47)/SUM($H46:$H49) -> 13.378947 | Q46: =MIN(F46:F47)/SUM($H46:$H49) -> 12.978947 | R46: =SUM(H42:H45) -> 32 | S46: =MAX(E46:E49)/SUM($H42:$H45) -> 39.71875 | T46: =MIN(F46:F49)/SUM($H42:$H45) -> 38.53125 | AC46: =D51 -> #VALUE! | AL46: =MID(C46,3,2)&"."&ROUNDUP(MID(C46,6,2)/3,0)&"Q" -> #VALUE! | AM46: =IFERROR(VLOOKUP($C46,[1]Src!$B$2:$AI$130,7,0),"") -> 172 | AN46: =IFERROR(VLOOKUP($C46,[1]Src!$B$2:$AI$130,8,0),"") -> 14 | AO46: =IFERROR(VLOOKUP($C46,[1]Src!$B$2:$AI$130,9,0),"") -> 11 | AP46: =IFERROR(VLOOKUP($C46,[1]Src!$B$2:$AI$130,10,0),"") -> 116
A47: =LEFT(D47,2) -> #VALUE! | B47: =[1]Src!S37 -> 0 | C47: =[1]Src!B37 -> 42828 | D47: =MID(C47,3,2)&"."&ROUNDUP(MID(C47,6,2)/3,0)&"Q" -> #VALUE! | E47: =IFERROR(VLOOKUP($C47,[1]Src!$B:$AI,3,0),"") -> 1271 | F47: =IFERROR(VLOOKUP($C47,[1]Src!$B:$AI,4,0),"") -> 1271 | G47: =IFERROR(VLOOKUP($C47,[1]Src!$B:$AI,5,0),"") -> 1271 | H47: =IFERROR(VLOOKUP($C47,[1]Src!$B:$AI,10,0),"") -> 0 | I47: =SUM(H44:H47) -> 105 | J47: =E47/SUM($H44:$H47) -> 12.104762 | K47: =F47/SUM($H44:$H47) -> 12.104762 | L47: =SUM(H47:H50) -> -21 | M47: =E47/SUM($H47:$H50) -> -60.52381 | N47: =F47/SUM($H47:$H50) -> -60.52381 | P47: =MAX(E47:E48)/SUM($H47:$H50) -> -60.52381 | Q47: =MIN(F47:F48)/SUM($H47:$H50) -> -60.52381 | S47: =MAX(E47:E50)/SUM($H43:$H46) -> 9.6287879 | T47: =MIN(F47:F50)/SUM($H43:$H46) -> 9.6287879 | AC47: =D52 -> #VALUE! | AL47: =MID(C47,3,2)&"."&ROUNDUP(MID(C47,6,2)/3,0)&"Q" -> #VALUE! | AM47: =IFERROR(VLOOKUP($C47,[1]Src!$B$2:$AI$130,7,0),"") -> 0 | AN47: =IFERROR(VLOOKUP($C47,[1]Src!$B$2:$AI$130,8,0),"") -> 0 | AO47: =IFERROR(VLOOKUP($C47,[1]Src!$B$2:$AI$130,9,0),"") -> 0 | AP47: =IFERROR(VLOOKUP($C47,[1]Src!$B$2:$AI$130,10,0),"") -> 0
A48: =LEFT(D48,2) -> #VALUE! | B48: =[1]Src!S38 -> 0 | C48: =[1]Src!B38 -> 42737 | D48: =MID(C48,3,2)&"."&ROUNDUP(MID(C48,6,2)/3,0)&"Q" -> #VALUE! | E48: =IFERROR(VLOOKUP($C48,[1]Src!$B:$AI,3,0),"") -> 1271 | F48: =IFERROR(VLOOKUP($C48,[1]Src!$B:$AI,4,0),"") -> 1271 | G48: =IFERROR(VLOOKUP($C48,[1]Src!$B:$AI,5,0),"") -> 1271 | H48: =IFERROR(VLOOKUP($C48,[1]Src!$B:$AI,10,0),"") -> -21 | I48: =SUM(H45:H48) -> 95 | J48: =E48/SUM($H45:$H48) -> 13.378947 | K48: =F48/SUM($H45:$H48) -> 13.378947 | L48: =SUM(H48:H51) -> -21 | M48: =E48/SUM($H48:$H51) -> -60.52381 | N48: =F48/SUM($H48:$H51) -> -60.52381 | P48: =MAX(E48:E49)/SUM($H48:$H51) -> -60.52381 | Q48: =MIN(F48:F49)/SUM($H48:$H51) -> -60.52381 | S48: =MAX(E48:E51)/SUM($H44:$H47) -> 12.104762 | T48: =MIN(F48:F51)/SUM($H44:$H47) -> 12.104762 | V48: forward는 추정치만으로 이루어져 있고 trailing은 추정치와 실체치의 혼합, TTM은 실제치만으로 구성되어 있는 데이터이다. | AC48: =D53 -> #VALUE! | AL48: =MID(C48,3,2)&"."&ROUNDUP(MID(C48,6,2)/3,0)&"Q" -> #VALUE! | AM48: =IFERROR(VLOOKUP($C48,[1]Src!$B$2:$AI$130,7,0),"") -> 85 | AN48: =IFERROR(VLOOKUP($C48,[1]Src!$B$2:$AI$130,8,0),"") -> -5 | AO48: =IFERROR(VLOOKUP($C48,[1]Src!$B$2:$AI$130,9,0),"") -> -2 | AP48: =IFERROR(VLOOKUP($C48,[1]Src!$B$2:$AI$130,10,0),"") -> -21
A49: =LEFT(D49,2) -> #VALUE! | B49: =[1]Src!S39 -> 0 | C49: =[1]Src!B39 -> 42724 | D49: =MID(C49,3,2)&"."&ROUNDUP(MID(C49,6,2)/3,0)&"Q" -> #VALUE! | E49: =IFERROR(VLOOKUP($C49,[1]Src!$B:$AI,3,0),"") -> 1271 | F49: =IFERROR(VLOOKUP($C49,[1]Src!$B:$AI,4,0),"") -> 1271 | G49: =IFERROR(VLOOKUP($C49,[1]Src!$B:$AI,5,0),"") -> 1271 | H49: =IFERROR(VLOOKUP($C49,[1]Src!$B:$AI,10,0),"") -> 0 | I49: =SUM(H46:H49) -> 95 | J49: =E49/SUM($H46:$H49) -> 13.378947 | K49: =F49/SUM($H46:$H49) -> 13.378947 | L49: =SUM(H49:H52) -> 0 | M49: =E49/SUM($H49:$H52) -> #DIV/0! | N49: =F49/SUM($H49:$H52) -> #DIV/0! | P49: =MAX(E49:E50)/SUM($H49:$H52) -> #DIV/0! | Q49: =MIN(F49:F50)/SUM($H49:$H52) -> #DIV/0! | S49: =MAX(E49:E52)/SUM($H45:$H48) -> 13.378947 | T49: =MIN(F49:F52)/SUM($H45:$H48) -> 13.378947 | U49: =INT(LEFT(D49,2)) -> #VALUE! | V49: *21년 12월 기준 시점 | AC49: =D54 -> #VALUE! | AL49: =MID(C49,3,2)&"."&ROUNDUP(MID(C49,6,2)/3,0)&"Q" -> #VALUE! | AM49: =IFERROR(VLOOKUP($C49,[1]Src!$B$2:$AI$130,7,0),"") -> 0 | AN49: =IFERROR(VLOOKUP($C49,[1]Src!$B$2:$AI$130,8,0),"") -> 0 | AO49: =IFERROR(VLOOKUP($C49,[1]Src!$B$2:$AI$130,9,0),"") -> 0 | AP49: =IFERROR(VLOOKUP($C49,[1]Src!$B$2:$AI$130,10,0),"") -> 0
A50: =LEFT(D50,2) -> #VALUE! | B50: =[1]Src!S40 -> 0 | C50: =[1]Src!B40 -> 0 | D50: =MID(C50,3,2)&"."&ROUNDUP(MID(C50,6,2)/3,0)&"Q" -> #VALUE! | E50: =IFERROR(VLOOKUP($C50,[1]Src!$B:$AI,3,0),"") | F50: =IFERROR(VLOOKUP($C50,[1]Src!$B:$AI,4,0),"") | G50: =IFERROR(VLOOKUP($C50,[1]Src!$B:$AI,5,0),"") | H50: =IFERROR(VLOOKUP($C50,[1]Src!$B:$AI,10,0),"") | I50: =SUM(H47:H50) -> -21 | J50: =E50/SUM($H47:$H50) -> #VALUE! | K50: =F50/SUM($H47:$H50) -> #VALUE! | L50: =SUM(H50:H53) -> 0 | M50: =E50/SUM($H50:$H53) -> #VALUE! | N50: =F50/SUM($H50:$H53) -> #VALUE! | O50: =SUM(H50:H53) -> 0 | P50: =MAX(E50:E51)/SUM($H50:$H53) -> #DIV/0! | Q50: =MIN(F50:F51)/SUM($H50:$H53) -> #DIV/0! | R50: =SUM(H46:H49) -> 95 | S50: =MAX(E50:E53)/SUM($H46:$H49) -> 0 | T50: =MIN(F50:F53)/SUM($H46:$H49) -> 0 | V50: https://aspeoplego.tistory.com/97 | AC50: =D55 -> #VALUE! | AL50: =MID(C50,3,2)&"."&ROUNDUP(MID(C50,6,2)/3,0)&"Q" -> #VALUE! | AM50: =IFERROR(VLOOKUP($C50,[1]Src!$B$2:$AI$130,7,0),"") | AN50: =IFERROR(VLOOKUP($C50,[1]Src!$B$2:$AI$130,8,0),"") | AO50: =IFERROR(VLOOKUP($C50,[1]Src!$B$2:$AI$130,9,0),"") | AP50: =IFERROR(VLOOKUP($C50,[1]Src!$B$2:$AI$130,10,0),"")
A51: =LEFT(D51,2) -> #VALUE! | B51: =[1]Src!S41 -> 0 | C51: =[1]Src!B41 -> 0 | D51: =MID(C51,3,2)&"."&ROUNDUP(MID(C51,6,2)/3,0)&"Q" -> #VALUE! | E51: =IFERROR(VLOOKUP($C51,[1]Src!$B:$AI,3,0),"") | F51: =IFERROR(VLOOKUP($C51,[1]Src!$B:$AI,4,0),"") | G51: =IFERROR(VLOOKUP($C51,[1]Src!$B:$AI,5,0),"") | H51: =IFERROR(VLOOKUP($C51,[1]Src!$B:$AI,10,0),"") | I51: =SUM(H48:H51) -> -21 | J51: =E51/SUM($H48:$H51) -> #VALUE! | K51: =F51/SUM($H48:$H51) -> #VALUE! | L51: =SUM(H51:H54) -> 0 | M51: =E51/SUM($H51:$H54) -> #VALUE! | N51: =F51/SUM($H51:$H54) -> #VALUE! | P51: =MAX(E51:E52)/SUM($H51:$H54) -> #DIV/0! | Q51: =MIN(F51:F52)/SUM($H51:$H54) -> #DIV/0! | S51: =MAX(E51:E54)/SUM($H47:$H50) -> 0 | T51: =MIN(F51:F54)/SUM($H47:$H50) -> 0 | V51: orward는 추정치만으로 이루어져 있고 trailing은 추정치와 실체치의 혼합, TTM은 실제치만으로 구성되어 있는 데이터이다. | AC51: =D56 -> #VALUE! | AL51: =MID(C51,3,2)&"."&ROUNDUP(MID(C51,6,2)/3,0)&"Q" -> #VALUE! | AM51: =IFERROR(VLOOKUP($C51,[1]Src!$B$2:$AI$130,7,0),"") | AN51: =IFERROR(VLOOKUP($C51,[1]Src!$B$2:$AI$130,8,0),"") | AO51: =IFERROR(VLOOKUP($C51,[1]Src!$B$2:$AI$130,9,0),"") | AP51: =IFERROR(VLOOKUP($C51,[1]Src!$B$2:$AI$130,10,0),"")
A52: =LEFT(D52,2) -> #VALUE! | B52: =[1]Src!S42 -> 0 | C52: =[1]Src!B42 -> 0 | D52: =MID(C52,3,2)&"."&ROUNDUP(MID(C52,6,2)/3,0)&"Q" -> #VALUE! | E52: =IFERROR(VLOOKUP($C52,[1]Src!$B:$AI,3,0),"") | F52: =IFERROR(VLOOKUP($C52,[1]Src!$B:$AI,4,0),"") | G52: =IFERROR(VLOOKUP($C52,[1]Src!$B:$AI,5,0),"") | H52: =IFERROR(VLOOKUP($C52,[1]Src!$B:$AI,10,0),"") | I52: =SUM(H49:H52) -> 0 | J52: =E52/SUM($H49:$H52) -> #VALUE! | K52: =F52/SUM($H49:$H52) -> #VALUE! | L52: =SUM(H52:H55) -> 0 | M52: =E52/SUM($H52:$H55) -> #VALUE! | N52: =F52/SUM($H52:$H55) -> #VALUE! | P52: =MAX(E52:E53)/SUM($H52:$H55) -> #DIV/0! | Q52: =MIN(F52:F53)/SUM($H52:$H55) -> #DIV/0! | S52: =MAX(E52:E55)/SUM($H48:$H51) -> 0 | T52: =MIN(F52:F55)/SUM($H48:$H51) -> 0 | AC52: =D57 -> #VALUE! | AL52: =MID(C52,3,2)&"."&ROUNDUP(MID(C52,6,2)/3,0)&"Q" -> #VALUE! | AM52: =IFERROR(VLOOKUP($C52,[1]Src!$B$2:$AI$130,7,0),"") | AN52: =IFERROR(VLOOKUP($C52,[1]Src!$B$2:$AI$130,8,0),"") | AO52: =IFERROR(VLOOKUP($C52,[1]Src!$B$2:$AI$130,9,0),"") | AP52: =IFERROR(VLOOKUP($C52,[1]Src!$B$2:$AI$130,10,0),"")
A53: =LEFT(D53,2) -> #VALUE! | B53: =[1]Src!S43 -> 0 | C53: =[1]Src!B43 -> 0 | D53: =MID(C53,3,2)&"."&ROUNDUP(MID(C53,6,2)/3,0)&"Q" -> #VALUE! | E53: =IFERROR(VLOOKUP($C53,[1]Src!$B:$AI,3,0),"") | F53: =IFERROR(VLOOKUP($C53,[1]Src!$B:$AI,4,0),"") | G53: =IFERROR(VLOOKUP($C53,[1]Src!$B:$AI,5,0),"") | H53: =IFERROR(VLOOKUP($C53,[1]Src!$B:$AI,10,0),"") | I53: =SUM(H50:H53) -> 0 | J53: =E53/SUM($H50:$H53) -> #VALUE! | K53: =F53/SUM($H50:$H53) -> #VALUE! | L53: =SUM(H53:H56) -> 0 | M53: =E53/SUM($H53:$H56) -> #VALUE! | N53: =F53/SUM($H53:$H56) -> #VALUE! | P53: =MAX(E53:E54)/SUM($H53:$H56) -> #DIV/0! | Q53: =MIN(F53:F54)/SUM($H53:$H56) -> #DIV/0! | S53: =MAX(E53:E56)/SUM($H49:$H52) -> #DIV/0! | T53: =MIN(F53:F56)/SUM($H49:$H52) -> #DIV/0! | U53: =INT(LEFT(D53,2)) -> #VALUE! | V53: TTM은 9월 이후에 돈을 하나도 안벌었다고 가정한 PBR. 다음 분기 실적이 들어가면 당연히 올라간다. | AC53: =D58 -> #VALUE! | AL53: =MID(C53,3,2)&"."&ROUNDUP(MID(C53,6,2)/3,0)&"Q" -> #VALUE! | AM53: =IFERROR(VLOOKUP($C53,[1]Src!$B$2:$AI$130,7,0),"") | AN53: =IFERROR(VLOOKUP($C53,[1]Src!$B$2:$AI$130,8,0),"") | AO53: =IFERROR(VLOOKUP($C53,[1]Src!$B$2:$AI$130,9,0),"") | AP53: =IFERROR(VLOOKUP($C53,[1]Src!$B$2:$AI$130,10,0),"")
A54: =LEFT(D54,2) -> #VALUE! | B54: =[1]Src!S44 -> 0 | C54: =[1]Src!B44 -> 0 | D54: =MID(C54,3,2)&"."&ROUNDUP(MID(C54,6,2)/3,0)&"Q" -> #VALUE! | E54: =IFERROR(VLOOKUP($C54,[1]Src!$B:$AI,3,0),"") | F54: =IFERROR(VLOOKUP($C54,[1]Src!$B:$AI,4,0),"") | G54: =IFERROR(VLOOKUP($C54,[1]Src!$B:$AI,5,0),"") | H54: =IFERROR(VLOOKUP($C54,[1]Src!$B:$AI,10,0),"") | I54: =SUM(H51:H54) -> 0 | J54: =E54/SUM($H51:$H54) -> #VALUE! | K54: =F54/SUM($H51:$H54) -> #VALUE! | L54: =SUM(H54:H57) -> 0 | M54: =E54/SUM($H54:$H57) -> #VALUE! | N54: =F54/SUM($H54:$H57) -> #VALUE! | O54: =SUM(H54:H57) -> 0 | P54: =MAX(E54:E55)/SUM($H54:$H57) -> #DIV/0! | Q54: =MIN(F54:F55)/SUM($H54:$H57) -> #DIV/0! | R54: =SUM(H50:H53) -> 0 | S54: =MAX(E54:E57)/SUM($H50:$H53) -> #DIV/0! | T54: =MIN(F54:F57)/SUM($H50:$H53) -> #DIV/0! | AC54: =D59 -> #VALUE! | AL54: =MID(C54,3,2)&"."&ROUNDUP(MID(C54,6,2)/3,0)&"Q" -> #VALUE! | AM54: =IFERROR(VLOOKUP($C54,[1]Src!$B$2:$AI$130,7,0),"") | AN54: =IFERROR(VLOOKUP($C54,[1]Src!$B$2:$AI$130,8,0),"") | AO54: =IFERROR(VLOOKUP($C54,[1]Src!$B$2:$AI$130,9,0),"") | AP54: =IFERROR(VLOOKUP($C54,[1]Src!$B$2:$AI$130,10,0),"")
A55: =LEFT(D55,2) -> #VALUE! | B55: =[1]Src!S45 -> 0 | C55: =[1]Src!B45 -> 0 | D55: =MID(C55,3,2)&"."&ROUNDUP(MID(C55,6,2)/3,0)&"Q" -> #VALUE! | E55: =IFERROR(VLOOKUP($C55,[1]Src!$B:$AI,3,0),"") | F55: =IFERROR(VLOOKUP($C55,[1]Src!$B:$AI,4,0),"") | G55: =IFERROR(VLOOKUP($C55,[1]Src!$B:$AI,5,0),"") | H55: =IFERROR(VLOOKUP($C55,[1]Src!$B:$AI,10,0),"") | I55: =SUM(H52:H55) -> 0 | J55: =E55/SUM($H52:$H55) -> #VALUE! | K55: =F55/SUM($H52:$H55) -> #VALUE! | L55: =SUM(H55:H58) -> 0 | M55: =E55/SUM($H55:$H58) -> #VALUE! | N55: =F55/SUM($H55:$H58) -> #VALUE! | P55: =MAX(E55:E56)/SUM($H55:$H58) -> #DIV/0! | Q55: =MIN(F55:F56)/SUM($H55:$H58) -> #DIV/0! | S55: =MAX(E55:E58)/SUM($H51:$H54) -> #DIV/0! | T55: =MIN(F55:F58)/SUM($H51:$H54) -> #DIV/0! | V55: 그러나 이것이 어떤 때 의미를 가지나? | AC55: =D60 -> #VALUE! | AL55: =MID(C55,3,2)&"."&ROUNDUP(MID(C55,6,2)/3,0)&"Q" -> #VALUE! | AM55: =IFERROR(VLOOKUP($C55,[1]Src!$B$2:$AI$130,7,0),"") | AN55: =IFERROR(VLOOKUP($C55,[1]Src!$B$2:$AI$130,8,0),"") | AO55: =IFERROR(VLOOKUP($C55,[1]Src!$B$2:$AI$130,9,0),"") | AP55: =IFERROR(VLOOKUP($C55,[1]Src!$B$2:$AI$130,10,0),"")
A56: =LEFT(D56,2) -> #VALUE! | B56: =[1]Src!S46 -> 0 | C56: =[1]Src!B46 -> 0 | D56: =MID(C56,3,2)&"."&ROUNDUP(MID(C56,6,2)/3,0)&"Q" -> #VALUE! | E56: =IFERROR(VLOOKUP($C56,[1]Src!$B:$AI,3,0),"") | F56: =IFERROR(VLOOKUP($C56,[1]Src!$B:$AI,4,0),"") | G56: =IFERROR(VLOOKUP($C56,[1]Src!$B:$AI,5,0),"") | H56: =IFERROR(VLOOKUP($C56,[1]Src!$B:$AI,10,0),"") | I56: =SUM(H53:H56) -> 0 | J56: =E56/SUM($H53:$H56) -> #VALUE! | K56: =F56/SUM($H53:$H56) -> #VALUE! | L56: =SUM(H56:H59) -> 0 | M56: =E56/SUM($H56:$H59) -> #VALUE! | N56: =F56/SUM($H56:$H59) -> #VALUE! | P56: =MAX(E56:E57)/SUM($H56:$H59) -> #DIV/0! | Q56: =MIN(F56:F57)/SUM($H56:$H59) -> #DIV/0! | S56: =MAX(E56:E59)/SUM($H52:$H55) -> #DIV/0! | T56: =MIN(F56:F59)/SUM($H52:$H55) -> #DIV/0! | AC56: =D61 -> #VALUE! | AL56: =MID(C56,3,2)&"."&ROUNDUP(MID(C56,6,2)/3,0)&"Q" -> #VALUE! | AM56: =IFERROR(VLOOKUP($C56,[1]Src!$B$2:$AI$130,7,0),"") | AN56: =IFERROR(VLOOKUP($C56,[1]Src!$B$2:$AI$130,8,0),"") | AO56: =IFERROR(VLOOKUP($C56,[1]Src!$B$2:$AI$130,9,0),"") | AP56: =IFERROR(VLOOKUP($C56,[1]Src!$B$2:$AI$130,10,0),"")
A57: =LEFT(D57,2) -> #VALUE! | B57: =[1]Src!S47 -> 0 | C57: =[1]Src!B47 -> 0 | D57: =MID(C57,3,2)&"."&ROUNDUP(MID(C57,6,2)/3,0)&"Q" -> #VALUE! | E57: =IFERROR(VLOOKUP($C57,[1]Src!$B:$AI,3,0),"") | F57: =IFERROR(VLOOKUP($C57,[1]Src!$B:$AI,4,0),"") | G57: =IFERROR(VLOOKUP($C57,[1]Src!$B:$AI,5,0),"") | H57: =IFERROR(VLOOKUP($C57,[1]Src!$B:$AI,10,0),"") | I57: =SUM(H54:H57) -> 0 | J57: =E57/SUM($H54:$H57) -> #VALUE! | K57: =F57/SUM($H54:$H57) -> #VALUE! | L57: =SUM(H57:H60) -> 0 | M57: =E57/SUM($H57:$H60) -> #VALUE! | N57: =F57/SUM($H57:$H60) -> #VALUE! | P57: =MAX(E57:E58)/SUM($H57:$H60) -> #DIV/0! | Q57: =MIN(F57:F58)/SUM($H57:$H60) -> #DIV/0! | S57: =MAX(E57:E60)/SUM($H53:$H56) -> #DIV/0! | T57: =MIN(F57:F60)/SUM($H53:$H56) -> #DIV/0! | U57: =O58/O62-1 -> #DIV/0! | V57: 정말 valuation call을 하고 싶다면 TTM을 보는 게 맞다. 위쪽을 볼 때는 PER을 많이 보니까 forward를 많이 보고 아래쪽을 볼 때는 보수적으로 보니까 TTM이나 LTM을 많이 사용한다. | AC57: =D62 -> #VALUE! | AL57: =MID(C57,3,2)&"."&ROUNDUP(MID(C57,6,2)/3,0)&"Q" -> #VALUE! | AM57: =IFERROR(VLOOKUP($C57,[1]Src!$B$2:$AI$130,7,0),"") | AN57: =IFERROR(VLOOKUP($C57,[1]Src!$B$2:$AI$130,8,0),"") | AO57: =IFERROR(VLOOKUP($C57,[1]Src!$B$2:$AI$130,9,0),"") | AP57: =IFERROR(VLOOKUP($C57,[1]Src!$B$2:$AI$130,10,0),"")
A58: =LEFT(D58,2) -> #VALUE! | B58: =[1]Src!S48 -> 0 | C58: =[1]Src!B48 -> 0 | D58: =MID(C58,3,2)&"."&ROUNDUP(MID(C58,6,2)/3,0)&"Q" -> #VALUE! | E58: =IFERROR(VLOOKUP($C58,[1]Src!$B:$AI,3,0),"") | F58: =IFERROR(VLOOKUP($C58,[1]Src!$B:$AI,4,0),"") | G58: =IFERROR(VLOOKUP($C58,[1]Src!$B:$AI,5,0),"") | H58: =IFERROR(VLOOKUP($C58,[1]Src!$B:$AI,10,0),"") | I58: =SUM(H55:H58) -> 0 | J58: =E58/SUM($H55:$H58) -> #VALUE! | K58: =F58/SUM($H55:$H58) -> #VALUE! | L58: =SUM(H58:H61) -> 0 | M58: =E58/SUM($H58:$H61) -> #VALUE! | N58: =F58/SUM($H58:$H61) -> #VALUE! | O58: =SUM(H58:H61) -> 0 | P58: =MAX(E58:E59)/SUM($H58:$H61) -> #DIV/0! | Q58: =MIN(F58:F59)/SUM($H58:$H61) -> #DIV/0! | R58: =SUM(H54:H57) -> 0 | S58: =MAX(E58:E61)/SUM($H54:$H57) -> #DIV/0! | T58: =MIN(F58:F61)/SUM($H54:$H57) -> #DIV/0! | AC58: =D63 -> #VALUE! | AL58: =MID(C58,3,2)&"."&ROUNDUP(MID(C58,6,2)/3,0)&"Q" -> #VALUE! | AM58: =IFERROR(VLOOKUP($C58,[1]Src!$B$2:$AI$130,7,0),"") | AN58: =IFERROR(VLOOKUP($C58,[1]Src!$B$2:$AI$130,8,0),"") | AO58: =IFERROR(VLOOKUP($C58,[1]Src!$B$2:$AI$130,9,0),"") | AP58: =IFERROR(VLOOKUP($C58,[1]Src!$B$2:$AI$130,10,0),"")
A59: =LEFT(D59,2) -> #VALUE! | B59: =[1]Src!S49 -> 0 | C59: =[1]Src!B49 -> 0 | D59: =MID(C59,3,2)&"."&ROUNDUP(MID(C59,6,2)/3,0)&"Q" -> #VALUE! | E59: =IFERROR(VLOOKUP($C59,[1]Src!$B:$AI,3,0),"") | F59: =IFERROR(VLOOKUP($C59,[1]Src!$B:$AI,4,0),"") | G59: =IFERROR(VLOOKUP($C59,[1]Src!$B:$AI,5,0),"") | H59: =IFERROR(VLOOKUP($C59,[1]Src!$B:$AI,10,0),"") | I59: =SUM(H56:H59) -> 0 | J59: =E59/SUM($H56:$H59) -> #VALUE! | K59: =F59/SUM($H56:$H59) -> #VALUE! | L59: =SUM(H59:H62) -> 0 | M59: =E59/SUM($H59:$H62) -> #VALUE! | N59: =F59/SUM($H59:$H62) -> #VALUE! | P59: =MAX(E59:E60)/SUM($H59:$H62) -> #DIV/0! | Q59: =MIN(F59:F60)/SUM($H59:$H62) -> #DIV/0! | S59: =MAX(E59:E62)/SUM($H55:$H58) -> #DIV/0! | T59: =MIN(F59:F62)/SUM($H55:$H58) -> #DIV/0! | V59: valuation call을 할 때는 시장 전체도 valuation call 영역에 들어와야 하고 TTM으로 1배 근처일 경우가 거기에 해당한다. TTM 1배는 코스피 지수 2500.(기준을 잡기에 따라 값은 다를 수 있음.) | AC59: =D64 -> #VALUE! | AL59: =MID(C59,3,2)&"."&ROUNDUP(MID(C59,6,2)/3,0)&"Q" -> #VALUE! | AM59: =IFERROR(VLOOKUP($C59,[1]Src!$B$2:$AI$130,7,0),"") | AN59: =IFERROR(VLOOKUP($C59,[1]Src!$B$2:$AI$130,8,0),"") | AO59: =IFERROR(VLOOKUP($C59,[1]Src!$B$2:$AI$130,9,0),"") | AP59: =IFERROR(VLOOKUP($C59,[1]Src!$B$2:$AI$130,10,0),"")
A60: =LEFT(D60,2) -> #VALUE! | B60: =[1]Src!S50 -> 0 | C60: =[1]Src!B50 -> 0 | D60: =MID(C60,3,2)&"."&ROUNDUP(MID(C60,6,2)/3,0)&"Q" -> #VALUE! | E60: =IFERROR(VLOOKUP($C60,[1]Src!$B:$AI,3,0),"") | F60: =IFERROR(VLOOKUP($C60,[1]Src!$B:$AI,4,0),"") | G60: =IFERROR(VLOOKUP($C60,[1]Src!$B:$AI,5,0),"") | H60: =IFERROR(VLOOKUP($C60,[1]Src!$B:$AI,10,0),"") | I60: =SUM(H57:H60) -> 0 | J60: =E60/SUM($H57:$H60) -> #VALUE! | K60: =F60/SUM($H57:$H60) -> #VALUE! | L60: =SUM(H60:H63) -> 0 | M60: =E60/SUM($H60:$H63) -> #VALUE! | N60: =F60/SUM($H60:$H63) -> #VALUE! | P60: =MAX(E60:E61)/SUM($H60:$H63) -> #DIV/0! | Q60: =MIN(F60:F61)/SUM($H60:$H63) -> #DIV/0! | S60: =MAX(E60:E63)/SUM($H56:$H59) -> #DIV/0! | T60: =MIN(F60:F63)/SUM($H56:$H59) -> #DIV/0! | AC60: =D65 -> #VALUE! | AL60: =MID(C60,3,2)&"."&ROUNDUP(MID(C60,6,2)/3,0)&"Q" -> #VALUE! | AM60: =IFERROR(VLOOKUP($C60,[1]Src!$B$2:$AI$130,7,0),"") | AN60: =IFERROR(VLOOKUP($C60,[1]Src!$B$2:$AI$130,8,0),"") | AO60: =IFERROR(VLOOKUP($C60,[1]Src!$B$2:$AI$130,9,0),"") | AP60: =IFERROR(VLOOKUP($C60,[1]Src!$B$2:$AI$130,10,0),"")
A61: =LEFT(D61,2) -> #VALUE! | B61: =[1]Src!S51 -> 0 | C61: =[1]Src!B51 -> 0 | D61: =MID(C61,3,2)&"."&ROUNDUP(MID(C61,6,2)/3,0)&"Q" -> #VALUE! | E61: =IFERROR(VLOOKUP($C61,[1]Src!$B:$AI,3,0),"") | F61: =IFERROR(VLOOKUP($C61,[1]Src!$B:$AI,4,0),"") | G61: =IFERROR(VLOOKUP($C61,[1]Src!$B:$AI,5,0),"") | H61: =IFERROR(VLOOKUP($C61,[1]Src!$B:$AI,10,0),"") | I61: =SUM(H58:H61) -> 0 | J61: =E61/SUM($H58:$H61) -> #VALUE! | K61: =F61/SUM($H58:$H61) -> #VALUE! | L61: =SUM(H61:H64) -> 0 | M61: =E61/SUM($H61:$H64) -> #VALUE! | N61: =F61/SUM($H61:$H64) -> #VALUE! | P61: =MAX(E61:E62)/SUM($H61:$H64) -> #DIV/0! | Q61: =MIN(F61:F62)/SUM($H61:$H64) -> #DIV/0! | S61: =MAX(E61:E64)/SUM($H57:$H60) -> #DIV/0! | T61: =MIN(F61:F64)/SUM($H57:$H60) -> #DIV/0! | U61: =O62/O66-1 -> #DIV/0! | V61: 대체로 4분기는 실적이 떨어지는 경향이 많기에 LTM이나 forward는 하양 조정되면 영향이 있을 수 있다. 내년되면 forward는 2021년 데이터를 안쓰기 때문에 상관없는데 trailing은 생각보다 BPS가 낮아질 수 있다. | AC61: =D66 -> #VALUE! | AL61: =MID(C61,3,2)&"."&ROUNDUP(MID(C61,6,2)/3,0)&"Q" -> #VALUE! | AM61: =IFERROR(VLOOKUP($C61,[1]Src!$B$2:$AI$130,7,0),"") | AN61: =IFERROR(VLOOKUP($C61,[1]Src!$B$2:$AI$130,8,0),"") | AO61: =IFERROR(VLOOKUP($C61,[1]Src!$B$2:$AI$130,9,0),"") | AP61: =IFERROR(VLOOKUP($C61,[1]Src!$B$2:$AI$130,10,0),"")
A62: =LEFT(D62,2) -> #VALUE! | B62: =[1]Src!S52 -> 0 | C62: =[1]Src!B52 -> 0 | D62: =MID(C62,3,2)&"."&ROUNDUP(MID(C62,6,2)/3,0)&"Q" -> #VALUE! | E62: =IFERROR(VLOOKUP($C62,[1]Src!$B:$AI,3,0),"") | F62: =IFERROR(VLOOKUP($C62,[1]Src!$B:$AI,4,0),"") | G62: =IFERROR(VLOOKUP($C62,[1]Src!$B:$AI,5,0),"") | H62: =IFERROR(VLOOKUP($C62,[1]Src!$B:$AI,10,0),"") | I62: =SUM(H59:H62) -> 0 | J62: =E62/SUM($H59:$H62) -> #VALUE! | K62: =F62/SUM($H59:$H62) -> #VALUE! | L62: =SUM(H62:H65) -> 0 | M62: =E62/SUM($H62:$H65) -> #VALUE! | N62: =F62/SUM($H62:$H65) -> #VALUE! | O62: =SUM(H62:H65) -> 0 | P62: =MAX(E62:E63)/SUM($H62:$H65) -> #DIV/0! | Q62: =MIN(F62:F63)/SUM($H62:$H65) -> #DIV/0! | R62: =SUM(H58:H61) -> 0 | S62: =MAX(E62:E65)/SUM($H58:$H61) -> #DIV/0! | T62: =MIN(F62:F65)/SUM($H58:$H61) -> #DIV/0! | AC62: =D67 -> #VALUE! | AL62: =MID(C62,3,2)&"."&ROUNDUP(MID(C62,6,2)/3,0)&"Q" -> #VALUE! | AM62: =IFERROR(VLOOKUP($C62,[1]Src!$B$2:$AI$130,7,0),"") | AN62: =IFERROR(VLOOKUP($C62,[1]Src!$B$2:$AI$130,8,0),"") | AO62: =IFERROR(VLOOKUP($C62,[1]Src!$B$2:$AI$130,9,0),"") | AP62: =IFERROR(VLOOKUP($C62,[1]Src!$B$2:$AI$130,10,0),"")
A63: =LEFT(D63,2) -> #VALUE! | B63: =[1]Src!S53 -> 0 | C63: =[1]Src!B53 -> 0 | D63: =MID(C63,3,2)&"."&ROUNDUP(MID(C63,6,2)/3,0)&"Q" -> #VALUE! | E63: =IFERROR(VLOOKUP($C63,[1]Src!$B:$AI,3,0),"") | F63: =IFERROR(VLOOKUP($C63,[1]Src!$B:$AI,4,0),"") | G63: =IFERROR(VLOOKUP($C63,[1]Src!$B:$AI,5,0),"") | H63: =IFERROR(VLOOKUP($C63,[1]Src!$B:$AI,10,0),"") | I63: =SUM(H60:H63) -> 0 | J63: =E63/SUM($H60:$H63) -> #VALUE! | K63: =F63/SUM($H60:$H63) -> #VALUE! | L63: =SUM(H63:H66) -> 0 | M63: =E63/SUM($H63:$H66) -> #VALUE! | N63: =F63/SUM($H63:$H66) -> #VALUE! | P63: =MAX(E63:E64)/SUM($H63:$H66) -> #DIV/0! | Q63: =MIN(F63:F64)/SUM($H63:$H66) -> #DIV/0! | S63: =MAX(E63:E66)/SUM($H59:$H62) -> #DIV/0! | T63: =MIN(F63:F66)/SUM($H59:$H62) -> #DIV/0! | V63: 그러므로 "PER가 쌀 때 사라"라는 말은 실제로는 매우 정교하게 적용을 해야한다. | AC63: =D68 -> #VALUE! | AL63: =MID(C63,3,2)&"."&ROUNDUP(MID(C63,6,2)/3,0)&"Q" -> #VALUE! | AM63: =IFERROR(VLOOKUP($C63,[1]Src!$B$2:$AI$130,7,0),"") | AN63: =IFERROR(VLOOKUP($C63,[1]Src!$B$2:$AI$130,8,0),"") | AO63: =IFERROR(VLOOKUP($C63,[1]Src!$B$2:$AI$130,9,0),"") | AP63: =IFERROR(VLOOKUP($C63,[1]Src!$B$2:$AI$130,10,0),"")
A64: =LEFT(D64,2) -> #VALUE! | B64: =[1]Src!S54 -> 0 | C64: =[1]Src!B54 -> 0 | D64: =MID(C64,3,2)&"."&ROUNDUP(MID(C64,6,2)/3,0)&"Q" -> #VALUE! | E64: =IFERROR(VLOOKUP($C64,[1]Src!$B:$AI,3,0),"") | F64: =IFERROR(VLOOKUP($C64,[1]Src!$B:$AI,4,0),"") | G64: =IFERROR(VLOOKUP($C64,[1]Src!$B:$AI,5,0),"") | H64: =IFERROR(VLOOKUP($C64,[1]Src!$B:$AI,10,0),"") | I64: =SUM(H61:H64) -> 0 | J64: =E64/SUM($H61:$H64) -> #VALUE! | K64: =F64/SUM($H61:$H64) -> #VALUE! | L64: =SUM(H64:H67) -> 0 | M64: =E64/SUM($H64:$H67) -> #VALUE! | N64: =F64/SUM($H64:$H67) -> #VALUE! | P64: =MAX(E64:E65)/SUM($H64:$H67) -> #DIV/0! | Q64: =MIN(F64:F65)/SUM($H64:$H67) -> #DIV/0! | S64: =MAX(E64:E67)/SUM($H60:$H63) -> #DIV/0! | T64: =MIN(F64:F67)/SUM($H60:$H63) -> #DIV/0! | AC64: =D69 -> #VALUE! | AL64: =MID(C64,3,2)&"."&ROUNDUP(MID(C64,6,2)/3,0)&"Q" -> #VALUE! | AM64: =IFERROR(VLOOKUP($C64,[1]Src!$B$2:$AI$130,7,0),"") | AN64: =IFERROR(VLOOKUP($C64,[1]Src!$B$2:$AI$130,8,0),"") | AO64: =IFERROR(VLOOKUP($C64,[1]Src!$B$2:$AI$130,9,0),"") | AP64: =IFERROR(VLOOKUP($C64,[1]Src!$B$2:$AI$130,10,0),"")
A65: =LEFT(D65,2) -> #VALUE! | B65: =[1]Src!S55 -> 0 | C65: =[1]Src!B55 -> 0 | D65: =MID(C65,3,2)&"."&ROUNDUP(MID(C65,6,2)/3,0)&"Q" -> #VALUE! | E65: =IFERROR(VLOOKUP($C65,[1]Src!$B:$AI,3,0),"") | F65: =IFERROR(VLOOKUP($C65,[1]Src!$B:$AI,4,0),"") | G65: =IFERROR(VLOOKUP($C65,[1]Src!$B:$AI,5,0),"") | H65: =IFERROR(VLOOKUP($C65,[1]Src!$B:$AI,10,0),"") | I65: =SUM(H62:H65) -> 0 | J65: =E65/SUM($H62:$H65) -> #VALUE! | K65: =F65/SUM($H62:$H65) -> #VALUE! | L65: =SUM(H65:H68) -> 0 | M65: =E65/SUM($H65:$H68) -> #VALUE! | N65: =F65/SUM($H65:$H68) -> #VALUE! | P65: =MAX(E65:E66)/SUM($H65:$H68) -> #DIV/0! | Q65: =MIN(F65:F66)/SUM($H65:$H68) -> #DIV/0! | S65: =MAX(E65:E68)/SUM($H61:$H64) -> #DIV/0! | T65: =MIN(F65:F68)/SUM($H61:$H64) -> #DIV/0! | U65: =O66/O70-1 -> #DIV/0! | V65: 즉 이익이 떨어질 가능성까지 고려해야한다. | AC65: =D70 -> #VALUE! | AL65: =MID(C65,3,2)&"."&ROUNDUP(MID(C65,6,2)/3,0)&"Q" -> #VALUE! | AM65: =IFERROR(VLOOKUP($C65,[1]Src!$B$2:$AI$130,7,0),"") | AN65: =IFERROR(VLOOKUP($C65,[1]Src!$B$2:$AI$130,8,0),"") | AO65: =IFERROR(VLOOKUP($C65,[1]Src!$B$2:$AI$130,9,0),"") | AP65: =IFERROR(VLOOKUP($C65,[1]Src!$B$2:$AI$130,10,0),"")
A66: =LEFT(D66,2) -> #VALUE! | B66: =[1]Src!S56 -> 0 | C66: =[1]Src!B56 -> 0 | D66: =MID(C66,3,2)&"."&ROUNDUP(MID(C66,6,2)/3,0)&"Q" -> #VALUE! | E66: =IFERROR(VLOOKUP($C66,[1]Src!$B:$AI,3,0),"") | F66: =IFERROR(VLOOKUP($C66,[1]Src!$B:$AI,4,0),"") | G66: =IFERROR(VLOOKUP($C66,[1]Src!$B:$AI,5,0),"") | H66: =IFERROR(VLOOKUP($C66,[1]Src!$B:$AI,10,0),"") | I66: =SUM(H63:H66) -> 0 | J66: =E66/SUM($H63:$H66) -> #VALUE! | K66: =F66/SUM($H63:$H66) -> #VALUE! | L66: =SUM(H66:H69) -> 0 | M66: =E66/SUM($H66:$H69) -> #VALUE! | N66: =F66/SUM($H66:$H69) -> #VALUE! | O66: =SUM(H66:H69) -> 0 | P66: =MAX(E66:E67)/SUM($H66:$H69) -> #DIV/0! | Q66: =MIN(F66:F67)/SUM($H66:$H69) -> #DIV/0! | R66: =SUM(H62:H65) -> 0 | S66: =MAX(E66:E69)/SUM($H62:$H65) -> #DIV/0! | T66: =MIN(F66:F69)/SUM($H62:$H65) -> #DIV/0! | AC66: =D71 -> #VALUE! | AL66: =MID(C66,3,2)&"."&ROUNDUP(MID(C66,6,2)/3,0)&"Q" -> #VALUE! | AM66: =IFERROR(VLOOKUP($C66,[1]Src!$B$2:$AI$130,7,0),"") | AN66: =IFERROR(VLOOKUP($C66,[1]Src!$B$2:$AI$130,8,0),"") | AO66: =IFERROR(VLOOKUP($C66,[1]Src!$B$2:$AI$130,9,0),"") | AP66: =IFERROR(VLOOKUP($C66,[1]Src!$B$2:$AI$130,10,0),"")
A67: =LEFT(D67,2) -> #VALUE! | B67: =[1]Src!S57 -> 0 | C67: =[1]Src!B57 -> 0 | D67: =MID(C67,3,2)&"."&ROUNDUP(MID(C67,6,2)/3,0)&"Q" -> #VALUE! | E67: =IFERROR(VLOOKUP($C67,[1]Src!$B:$AI,3,0),"") | F67: =IFERROR(VLOOKUP($C67,[1]Src!$B:$AI,4,0),"") | G67: =IFERROR(VLOOKUP($C67,[1]Src!$B:$AI,5,0),"") | H67: =IFERROR(VLOOKUP($C67,[1]Src!$B:$AI,10,0),"") | I67: =SUM(H64:H67) -> 0 | J67: =E67/SUM($H64:$H67) -> #VALUE! | K67: =F67/SUM($H64:$H67) -> #VALUE! | L67: =SUM(H67:H70) -> 0 | M67: =[1]Src!D57/$L67 -> #DIV/0! | N67: =[1]Src!E57/$L67 -> #DIV/0! | P67: =MAX(E67:E68)/SUM($H67:$H70) -> #DIV/0! | Q67: =MIN(F67:F68)/SUM($H67:$H70) -> #DIV/0! | S67: =MAX(E67:E70)/SUM($H63:$H66) -> #DIV/0! | T67: =MIN(F67:F70)/SUM($H63:$H66) -> #DIV/0! | V67: https://youtu.be/Fsdoc7NSPD0 | AC67: =D72 -> 0 | AL67: =MID(C67,3,2)&"."&ROUNDUP(MID(C67,6,2)/3,0)&"Q" -> #VALUE! | AM67: =IFERROR(VLOOKUP($C67,[1]Src!$B$2:$AI$130,7,0),"") | AN67: =IFERROR(VLOOKUP($C67,[1]Src!$B$2:$AI$130,8,0),"") | AO67: =IFERROR(VLOOKUP($C67,[1]Src!$B$2:$AI$130,9,0),"") | AP67: =IFERROR(VLOOKUP($C67,[1]Src!$B$2:$AI$130,10,0),"")
A68: =LEFT(D68,2) -> #VALUE! | B68: =[1]Src!S58 -> 0 | C68: =[1]Src!B58 -> 0 | D68: =MID(C68,3,2)&"."&ROUNDUP(MID(C68,6,2)/3,0)&"Q" -> #VALUE! | E68: =IFERROR(VLOOKUP($C68,[1]Src!$B:$AI,3,0),"") | F68: =IFERROR(VLOOKUP($C68,[1]Src!$B:$AI,4,0),"") | G68: =IFERROR(VLOOKUP($C68,[1]Src!$B:$AI,5,0),"") | H68: =IFERROR(VLOOKUP($C68,[1]Src!$B:$AI,10,0),"") | I68: =SUM(H65:H68) -> 0 | J68: =E68/SUM($H65:$H68) -> #VALUE! | K68: =F68/SUM($H65:$H68) -> #VALUE! | L68: =SUM(H68:H71) -> 0 | M68: =[1]Src!D58/$L68 -> #DIV/0! | N68: =[1]Src!E58/$L68 -> #DIV/0! | P68: =MAX(E68:E69)/SUM($H68:$H71) -> #DIV/0! | Q68: =MIN(F68:F69)/SUM($H68:$H71) -> #DIV/0! | S68: =MAX(E68:E71)/SUM($H64:$H67) -> #DIV/0! | T68: =MIN(F68:F71)/SUM($H64:$H67) -> #DIV/0! | V68: 19분 45초 정도부터 forward, trailing에 관련된 개념 정리가 나오는데 알아두면 아주 유용할 것 같다는 생각이 든다. | AC68: =D73 -> 0 | AL68: =MID(C68,3,2)&"."&ROUNDUP(MID(C68,6,2)/3,0)&"Q" -> #VALUE! | AM68: =IFERROR(VLOOKUP($C68,[1]Src!$B$2:$AI$130,7,0),"") | AN68: =IFERROR(VLOOKUP($C68,[1]Src!$B$2:$AI$130,8,0),"") | AO68: =IFERROR(VLOOKUP($C68,[1]Src!$B$2:$AI$130,9,0),"") | AP68: =IFERROR(VLOOKUP($C68,[1]Src!$B$2:$AI$130,10,0),"")
A69: =LEFT(D69,2) -> #VALUE! | B69: =[1]Src!S59 -> 0 | C69: =[1]Src!B59 -> 0 | D69: =MID(C69,3,2)&"."&ROUNDUP(MID(C69,6,2)/3,0)&"Q" -> #VALUE! | E69: =IFERROR(VLOOKUP($C69,[1]Src!$B:$AI,3,0),"") | F69: =IFERROR(VLOOKUP($C69,[1]Src!$B:$AI,4,0),"") | G69: =IFERROR(VLOOKUP($C69,[1]Src!$B:$AI,5,0),"") | H69: =IFERROR(VLOOKUP($C69,[1]Src!$B:$AI,10,0),"") | I69: =SUM(H66:H69) -> 0 | J69: =E69/SUM($H66:$H69) -> #VALUE! | K69: =F69/SUM($H66:$H69) -> #VALUE! | L69: =SUM(H69:H72) -> 0 | M69: =[1]Src!D59/$L69 -> #DIV/0! | N69: =[1]Src!E59/$L69 -> #DIV/0! | P69: =MAX(E69:E70)/SUM($H69:$H72) -> #DIV/0! | Q69: =MIN(F69:F70)/SUM($H69:$H72) -> #DIV/0! | S69: =MAX(E69:E72)/SUM($H65:$H68) -> #DIV/0! | T69: =MIN(F69:F72)/SUM($H65:$H68) -> #DIV/0! | AC69: =D74 -> 0 | AL69: =D72 -> 0 | AM69: =[1]Src!H62 -> 0 | AN69: =F72 -> 0 | AO69: =[1]Src!J62 -> 0 | AP69: =H72 -> 0
A70: =LEFT(D70,2) -> #VALUE! | B70: =[1]Src!S60 -> 0 | C70: =[1]Src!B60 -> 0 | D70: =MID(C70,3,2)&"."&ROUNDUP(MID(C70,6,2)/3,0)&"Q" -> #VALUE! | E70: =IFERROR(VLOOKUP($C70,[1]Src!$B:$AI,3,0),"") | F70: =IFERROR(VLOOKUP($C70,[1]Src!$B:$AI,4,0),"") | G70: =IFERROR(VLOOKUP($C70,[1]Src!$B:$AI,5,0),"") | H70: =IFERROR(VLOOKUP($C70,[1]Src!$B:$AI,10,0),"") | I70: =SUM(H67:H70) -> 0 | J70: =E70/SUM($H67:$H70) -> #VALUE! | K70: =F70/SUM($H67:$H70) -> #VALUE! | L70: =SUM(H70:H73) -> 0 | M70: =[1]Src!D60/$L70 -> #DIV/0! | N70: =[1]Src!E60/$L70 -> #DIV/0! | O70: =SUM(H70:H73) -> 0 | P70: =MAX(E70:E71)/SUM($H70:$H73) -> #DIV/0! | Q70: =MIN(F70:F71)/SUM($H70:$H73) -> #DIV/0! | R70: =SUM(H66:H69) -> 0 | S70: =MAX(E70:E73)/SUM($H66:$H69) -> #DIV/0! | T70: =MIN(F70:F73)/SUM($H66:$H69) -> #DIV/0! | AC70: =D75 -> 0
A71: =LEFT(D71,2) -> #VALUE! | B71: =[1]Src!S61 -> 0 | C71: =[1]Src!B61 -> 0 | D71: =MID(C71,3,2)&"."&ROUNDUP(MID(C71,6,2)/3,0)&"Q" -> #VALUE! | E71: =IFERROR(VLOOKUP($C71,[1]Src!$B:$AI,3,0),"") | F71: =IFERROR(VLOOKUP($C71,[1]Src!$B:$AI,4,0),"") | G71: =IFERROR(VLOOKUP($C71,[1]Src!$B:$AI,5,0),"") | H71: =IFERROR(VLOOKUP($C71,[1]Src!$B:$AI,10,0),"") | I71: =SUM(H68:H71) -> 0 | J71: =E71/SUM($H68:$H71) -> #VALUE! | K71: =F71/SUM($H68:$H71) -> #VALUE! | L71: =SUM(H71:H74) -> 0 | M71: =[1]Src!D61/$L71 -> #DIV/0! | N71: =[1]Src!E61/$L71 -> #DIV/0! | P71: =MAX(E71:E72)/SUM($H71:$H74) -> #DIV/0! | Q71: =MIN(F71:F72)/SUM($H71:$H74) -> #DIV/0! | S71: =MAX(E71:E74)/SUM($H67:$H70) -> #DIV/0! | T71: =MIN(F71:F74)/SUM($H67:$H70) -> #DIV/0! | AC71: =D76 -> 0
A72: =LEFT(D72,2) | B72: =[1]Src!S62 -> 0 | J72: =E72/SUM($H69:$H72) -> #DIV/0! | K72: =F72/SUM($H69:$H72) -> #DIV/0! | P72: =MAX(E72:E73)/SUM($H72:$H75) -> #DIV/0! | Q72: =MIN(F72:F73)/SUM($H72:$H75) -> #DIV/0! | S72: =MAX(E72:E75)/SUM($H68:$H71) -> #DIV/0! | T72: =MIN(F72:F75)/SUM($H68:$H71) -> #DIV/0! | AC72: =D77 -> 0
A73: =LEFT(D73,2) | B73: =[1]Src!S63 -> 0 | J73: =E73/SUM($H70:$H73) -> #DIV/0! | K73: =F73/SUM($H70:$H73) -> #DIV/0! | P73: =MAX(E73:E74)/SUM($H73:$H76) -> #DIV/0! | Q73: =MIN(F73:F74)/SUM($H73:$H76) -> #DIV/0! | S73: =MAX(E73:E76)/SUM($H69:$H72) -> #DIV/0! | T73: =MIN(F73:F76)/SUM($H69:$H72) -> #DIV/0! | AC73: =D78 -> 0
A74: =LEFT(D74,2) | B74: =[1]Src!S64 -> 0 | P74: =MAX(E74:E75)/SUM($H74:$H77) -> #DIV/0! | Q74: =MIN(F74:F75)/SUM($H74:$H77) -> #DIV/0! | S74: =MAX(E74:E77)/SUM($H70:$H73) -> #DIV/0! | T74: =MIN(F74:F77)/SUM($H70:$H73) -> #DIV/0!
A75: =LEFT(D75,2) | B75: =[1]Src!S65 -> 0 | P75: =MAX(E75:E76)/SUM($H75:$H78) -> #DIV/0!
A76: =LEFT(D76,2) | B76: =[1]Src!S66 -> 0
A77: =LEFT(D77,2)
A78: =LEFT(D78,2)
A79: =LEFT(D79,2) -> 24 | C79: 1 | D79: 24 | J79: =MAXIFS(J$11:J$77,$A$11:$A$77,$D79) -> #NAME? | K79: =MINIFS(K$11:K$77,$A$11:$A$77,$D79) -> #NAME? | M79: =MAXIFS(M$11:M$77,$A$11:$A$77,$D79) -> #NAME? | N79: =MINIFS(N$11:N$77,$A$11:$A$77,$D79) -> #NAME? | P79: =MAXIFS(P$11:P$77,$A$11:$A$77,$D79) -> #NAME? | Q79: =MINIFS(Q$11:Q$77,$A$11:$A$77,$D79) -> #NAME? | S79: =MAXIFS(S$11:S$77,$A$11:$A$77,$D79) -> #NAME? | T79: =MINIFS(T$11:T$77,$A$11:$A$77,$D79) -> #NAME?
C80: 2 | D80: 23 | J80: =MAXIFS(J$11:J$77,$A$11:$A$77,$D80) -> #NAME? | K80: =MINIFS(K$11:K$77,$A$11:$A$77,$D80) -> #NAME? | M80: =MAXIFS(M$11:M$77,$A$11:$A$77,$D80) -> #NAME? | N80: =MINIFS(N$11:N$77,$A$11:$A$77,$D80) -> #NAME? | P80: =MAXIFS(P$11:P$77,$A$11:$A$77,$D80) -> #NAME? | Q80: =MINIFS(Q$11:Q$77,$A$11:$A$77,$D80) -> #NAME? | S80: =MAXIFS(S$11:S$77,$A$11:$A$77,$D80) -> #NAME? | T80: =MINIFS(T$11:T$77,$A$11:$A$77,$D80) -> #NAME?
C81: 3 | D81: 22 | J81: =MAXIFS(J$11:J$77,$A$11:$A$77,$D81) -> #NAME? | K81: =MINIFS(K$11:K$77,$A$11:$A$77,$D81) -> #NAME? | M81: =MAXIFS(M$11:M$77,$A$11:$A$77,$D81) -> #NAME? | N81: =MINIFS(N$11:N$77,$A$11:$A$77,$D81) -> #NAME? | P81: =MAXIFS(P$11:P$77,$A$11:$A$77,$D81) -> #NAME? | Q81: =MINIFS(Q$11:Q$77,$A$11:$A$77,$D81) -> #NAME? | S81: =MAXIFS(S$11:S$77,$A$11:$A$77,$D81) -> #NAME? | T81: =MINIFS(T$11:T$77,$A$11:$A$77,$D81) -> #NAME?
C82: 4 | D82: 21 | J82: =MAXIFS(J$11:J$77,$A$11:$A$77,$D82) -> #NAME? | K82: =MINIFS(K$11:K$77,$A$11:$A$77,$D82) -> #NAME? | M82: =MAXIFS(M$11:M$77,$A$11:$A$77,$D82) -> #NAME? | N82: =MINIFS(N$11:N$77,$A$11:$A$77,$D82) -> #NAME? | P82: =MAXIFS(P$11:P$77,$A$11:$A$77,$D82) -> #NAME? | Q82: =MINIFS(Q$11:Q$77,$A$11:$A$77,$D82) -> #NAME? | S82: =MAXIFS(S$11:S$77,$A$11:$A$77,$D82) -> #NAME? | T82: =MINIFS(T$11:T$77,$A$11:$A$77,$D82) -> #NAME?
C83: 5 | D83: 20 | J83: =MAXIFS(J$11:J$77,$A$11:$A$77,$D83) -> #NAME? | K83: =MINIFS(K$11:K$77,$A$11:$A$77,$D83) -> #NAME? | M83: =MAXIFS(M$11:M$77,$A$11:$A$77,$D83) -> #NAME? | N83: =MINIFS(N$11:N$77,$A$11:$A$77,$D83) -> #NAME? | P83: =MAXIFS(P$11:P$77,$A$11:$A$77,$D83) -> #NAME? | Q83: =MINIFS(Q$11:Q$77,$A$11:$A$77,$D83) -> #NAME? | S83: =MAXIFS(S$11:S$77,$A$11:$A$77,$D83) -> #NAME? | T83: =MINIFS(T$11:T$77,$A$11:$A$77,$D83) -> #NAME?
C84: 6 | D84: 19 | J84: =MAXIFS(J$11:J$77,$A$11:$A$77,$D84) -> #NAME? | K84: =MINIFS(K$11:K$77,$A$11:$A$77,$D84) -> #NAME? | M84: =MAXIFS(M$11:M$77,$A$11:$A$77,$D84) -> #NAME? | N84: =MINIFS(N$11:N$77,$A$11:$A$77,$D84) -> #NAME? | P84: =MAXIFS(P$11:P$77,$A$11:$A$77,$D84) -> #NAME? | Q84: =MINIFS(Q$11:Q$77,$A$11:$A$77,$D84) -> #NAME? | S84: =MAXIFS(S$11:S$77,$A$11:$A$77,$D84) -> #NAME? | T84: =MINIFS(T$11:T$77,$A$11:$A$77,$D84) -> #NAME?
C85: 7 | D85: 18 | J85: =MAXIFS(J$11:J$77,$A$11:$A$77,$D85) -> #NAME? | K85: =MINIFS(K$11:K$77,$A$11:$A$77,$D85) -> #NAME? | M85: =MAXIFS(M$11:M$77,$A$11:$A$77,$D85) -> #NAME? | N85: =MINIFS(N$11:N$77,$A$11:$A$77,$D85) -> #NAME? | P85: =MAXIFS(P$11:P$77,$A$11:$A$77,$D85) -> #NAME? | Q85: =MINIFS(Q$11:Q$77,$A$11:$A$77,$D85) -> #NAME? | S85: =MAXIFS(S$11:S$77,$A$11:$A$77,$D85) -> #NAME? | T85: =MINIFS(T$11:T$77,$A$11:$A$77,$D85) -> #NAME?
C86: 8 | D86: 17 | J86: =MAXIFS(J$11:J$77,$A$11:$A$77,$D86) -> #NAME? | K86: =MINIFS(K$11:K$77,$A$11:$A$77,$D86) -> #NAME? | M86: =MAXIFS(M$11:M$77,$A$11:$A$77,$D86) -> #NAME? | N86: =MINIFS(N$11:N$77,$A$11:$A$77,$D86) -> #NAME? | P86: =MAXIFS(P$11:P$77,$A$11:$A$77,$D86) -> #NAME? | Q86: =MINIFS(Q$11:Q$77,$A$11:$A$77,$D86) -> #NAME? | S86: =MAXIFS(S$11:S$77,$A$11:$A$77,$D86) -> #NAME? | T86: =MINIFS(T$11:T$77,$A$11:$A$77,$D86) -> #NAME?
C87: 9 | D87: 16 | J87: =MAXIFS(J$11:J$77,$A$11:$A$77,$D87) -> #NAME? | K87: =MINIFS(K$11:K$77,$A$11:$A$77,$D87) -> #NAME? | M87: =MAXIFS(M$11:M$77,$A$11:$A$77,$D87) -> #NAME? | N87: =MINIFS(N$11:N$77,$A$11:$A$77,$D87) -> #NAME? | P87: =MAXIFS(P$11:P$77,$A$11:$A$77,$D87) -> #NAME? | Q87: =MINIFS(Q$11:Q$77,$A$11:$A$77,$D87) -> #NAME? | S87: =MAXIFS(S$11:S$77,$A$11:$A$77,$D87) -> #NAME? | T87: =MINIFS(T$11:T$77,$A$11:$A$77,$D87) -> #NAME?
C88: 10 | D88: 15 | J88: =MAXIFS(J$11:J$77,$A$11:$A$77,$D88) -> #NAME? | K88: =MINIFS(K$11:K$77,$A$11:$A$77,$D88) -> #NAME? | M88: =MAXIFS(M$11:M$77,$A$11:$A$77,$D88) -> #NAME? | N88: =MINIFS(N$11:N$77,$A$11:$A$77,$D88) -> #NAME? | P88: =MAXIFS(P$11:P$77,$A$11:$A$77,$D88) -> #NAME? | Q88: =MINIFS(Q$11:Q$77,$A$11:$A$77,$D88) -> #NAME? | S88: =MAXIFS(S$11:S$77,$A$11:$A$77,$D88) -> #NAME? | T88: =MINIFS(T$11:T$77,$A$11:$A$77,$D88) -> #NAME?
C89: 11 | D89: 14 | J89: =MAXIFS(J$11:J$77,$A$11:$A$77,$D89) -> #NAME? | K89: =MINIFS(K$11:K$77,$A$11:$A$77,$D89) -> #NAME? | M89: =MAXIFS(M$11:M$77,$A$11:$A$77,$D89) -> #NAME? | N89: =MINIFS(N$11:N$77,$A$11:$A$77,$D89) -> #NAME? | P89: =MAXIFS(P$11:P$77,$A$11:$A$77,$D89) -> #NAME? | Q89: =MINIFS(Q$11:Q$77,$A$11:$A$77,$D89) -> #NAME? | S89: =MAXIFS(S$11:S$77,$A$11:$A$77,$D89) -> #NAME? | T89: =MINIFS(T$11:T$77,$A$11:$A$77,$D89) -> #NAME?

Sheet Sheet3
A1: V.1.0.3 | C1: 2 | D1: 3 | E1: 4 | F1: 5 | G1: 6 | H1: 7 | I1: 8 | J1: 9 | K1: 10 | L1: 11 | M1: 12 | N1: 13 | O1: 14 | P1: 15 | Q1: 16 | R1: 17 | S1: 18 | T1: 19 | U1: 20 | V1: 21 | W1: 22 | X1: 23 | Y1: 24 | Z1: 25 | AA1: 26 | AB1: 27 | AC1: 28 | AD1: 29 | AE1: 30 | AF1: 31 | AG1: 32 | AH1: 33 | AI1: 34 | AJ1: 35 | AK1: 36 | AL1: 37 | AM1: 38 | AN1: 39 | AO1: 40 | AP1: 41 | AQ1: 42 | AR1: 43 | AS1: 44 | AT1: 45 | AU1: 46 | AV1: 47 | AW1: 48 | AX1: 49 | AY1: 50 | AZ1: 51 | BA1: 52 | BB1: 53 | BC1: 54 | BD1: 55 | BE1: 56 | BF1: 57 | BG1: 58 | BH1: 59 | BI1: 60 | BJ1: 61 | BK1: 62 | BL1: 63 | BM1: 64 | BN1: 65 | BO1: 66 | BP1: 67 | BQ1: 68 | BR1: 69 | BS1: 70 | BT1: 71 | BU1: 72 | BV1: 73 | BW1: 74 | BX1: 75 | BY1: 76 | BZ1: 77 | CA1: 78 | CB1: 79 | CC1: 80 | CD1: 81 | CE1: 82 | CF1: 83 | CG1: 84 | CH1: 85 | CI1: 86 | CJ1: 87 | CK1: 88 | CL1: 89 | CM1: 90 | CN1: 91 | CO1: 92 | CP1: 93 | CQ1: 94 | CR1: 95 | CS1: 96 | CT1: 97 | CU1: 98 | CV1: 99 | CW1: 100 | CX1: 101 | CY1: 102 | CZ1: 103 | DA1: 104 | DB1: 105 | DC1: 106 | DD1: 107 | DE1: 108 | DF1: 109 | DG1: 110 | DH1: 111 | DI1: 112 | DJ1: 113 | DK1: 114 | DL1: 115 | DM1: 116 | DN1: 117 | DO1: 118 | DP1: 119 | DQ1: 120 | DR1: 121 | DS1: 122 | DT1: 123 | DU1: 124 | DV1: 125 | DW1: 126 | DX1: 127 | DY1: 128 | DZ1: 129 | EA1: 130 | EB1: 131 | EC1: 132 | ED1: 133 | EE1: 134 | EF1: 135 | EG1: 136 | EH1: 137 | EI1: 138 | EJ1: 139 | EK1: 140 | EL1: 141 | EM1: 142 | EN1: 143 | EO1: 144 | EP1: 145 | EQ1: 146 | ER1: 147 | ES1: 148 | ET1: 149 | EU1: 150 | EV1: 151 | EW1: 152 | EX1: 153 | EY1: 154 | EZ1: 155 | FA1: 156 | FB1: 157 | FC1: 158 | FD1: 159 | FE1: 160 | FF1: 161 | FG1: 162 | FH1: 163 | FI1: 164 | FJ1: 165 | FK1: 166 | FL1: 167 | FM1: 168 | FN1: 169 | FO1: 170 | FP1: 171 | FQ1: 172 | FR1: 173 | FS1: 174 | FT1: 175 | FU1: 176 | FV1: 177 | FW1: 178 | FX1: 179 | FY1: 180 | FZ1: 181 | GA1: 182 | GB1: 183 | GC1: 184 | GD1: 185 | GE1: 186 | GF1: 187 | GG1: 188 | GH1: 189 | GI1: 190 | GJ1: 191 | GK1: 192 | GL1: 193 | GM1: 194 | GN1: 195 | GO1: 196 | GP1: 197 | GQ1: 198 | GR1: 199 | GS1: 200 | GT1: 201 | GU1: 202 | GV1: 203 | GW1: 204 | GX1: 205 | GY1: 206 | GZ1: 207 | HA1: 208 | HB1: 209 | HC1: 210 | HD1: 211 | HE1: 212 | HF1: 213 | HG1: 214 | HH1: 215 | HI1: 216 | HJ1: 217 | HK1: 218 | HL1: 219 | HM1: 220 | HN1: 221 | HO1: 222 | HP1: 223 | HQ1: 224 | HR1: 225 | HS1: 226 | HT1: 227 | HU1: 228 | HV1: 229 | HW1: 230 | HX1: 231 | HY1: 232 | HZ1: 233 | IA1: 234 | IB1: 235 | IC1: 236 | ID1: 237 | IE1: 238 | IF1: 239 | IG1: 240 | IH1: 241 | II1: 242 | IJ1: 243 | IK1: 244 | IL1: 245 | IM1: 246 | IN1: 247 | IO1: 248 | IP1: 249 | IQ1: 250 | IR1: 251 | IS1: 252 | IT1: 253 | IU1: 254 | IV1: 255 | IW1: 256 | IX1: 257 | IY1: 258 | IZ1: 259 | JA1: 260 | JB1: 261 | JC1: 262 | JD1: 263 | JE1: 264 | JF1: 265 | JG1: 266 | JH1: 267 | JI1: 268 | JJ1: 269 | JK1: 270 | JL1: 271 | JM1: 272 | JN1: 273 | JO1: 274 | JP1: 275 | JQ1: 276 | JR1: 277 | JS1: 278 | JT1: 279 | JU1: 280 | JV1: 281 | JW1: 282 | JX1: 283 | JY1: 284 | JZ1: 285 | KA1: 286 | KB1: 287 | KC1: 288 | KD1: 289 | KE1: 290 | KF1: 291 | KG1: 292 | KH1: 293 | KI1: 294 | KJ1: 295 | KK1: 296 | KL1: 297 | KM1: 298 | KN1: 299 | KO1: 300 | KP1: 301 | KQ1: 302 | KR1: 303 | KS1: 304 | KT1: 305 | KU1: 306 | KV1: 307 | KW1: 308 | KX1: 309 | KY1: 310 | KZ1: 311 | LA1: 312 | LB1: 313 | LC1: 314 | LD1: 315 | LE1: 316 | LF1: 317 | LG1: 318 | LH1: 319 | LI1: 320 | LJ1: 321 | LK1: 322 | LL1: 323 | LM1: 324 | LN1: 325 | LO1: 326 | LP1: 327 | LQ1: 328 | LR1: 329 | LS1: 330 | LT1: 331 | LU1: 332 | LV1: 333 | LW1: 334 | LX1: 335 | LY1: 336 | LZ1: 337 | MA1: 338 | MB1: 339 | MC1: 340 | MD1: 341 | ME1: 342 | MF1: 343 | MG1: 344 | MH1: 345 | MI1: 346 | MJ1: 347 | MK1: 348 | ML1: 349 | MM1: 350 | MN1: 351 | MO1: 352 | MP1: 353 | MQ1: 354 | MR1: 355 | MS1: 356 | MT1: 357 | MU1: 358 | MV1: 359 | MW1: 360 | MX1: 361 | MY1: 362 | MZ1: 363 | NA1: 364 | NB1: 365 | NC1: 366 | ND1: 367 | NE1: 368 | NF1: 369 | NG1: 370 | NH1: 371 | NI1: 372 | NJ1: 373 | NK1: 374 | NL1: 375 | NM1: 376 | NN1: 377 | NO1: 378 | NP1: 379 | NQ1: 380 | NR1: 381 | NS1: 382 | NT1: 383 | NU1: 384 | NV1: 385 | NW1: 386 | NX1: 387 | NY1: 388 | NZ1: 389 | OA1: 390 | OB1: 391 | OC1: 392 | OD1: 393 | OE1: 394 | OF1: 395 | OG1: 396 | OH1: 397 | OI1: 398 | OJ1: 399 | OK1: 400 | OL1: 401 | OM1: 402 | ON1: 403 | OO1: 404 | OP1: 405 | OQ1: 406 | OR1: 407 | OS1: 408 | OT1: 409 | OU1: 410 | OV1: 411 | OW1: 412 | OX1: 413 | OY1: 414 | OZ1: 415 | PA1: 416 | PB1: 417 | PC1: 418 | PD1: 419 | PE1: 420 | PF1: 421 | PG1: 422 | PH1: 423 | PI1: 424 | PJ1: 425 | PK1: 426 | PL1: 427 | PM1: 428 | PN1: 429 | PO1: 430 | PP1: 431 | PQ1: 432 | PR1: 433 | PS1: 434 | PT1: 435 | PU1: 436 | PV1: 437 | PW1: 438 | PX1: 439 | PY1: 440 | PZ1: 441 | QA1: 442 | QB1: 443 | QC1: 444 | QD1: 445 | QE1: 446 | QF1: 447 | QG1: 448 | QH1: 449 | QI1: 450 | QJ1: 451 | QK1: 452 | QL1: 453 | QM1: 454 | QN1: 455 | QO1: 456 | QP1: 457 | QQ1: 458 | QR1: 459 | QS1: 460 | QT1: 461 | QU1: 462 | QV1: 463 | QW1: 464 | QX1: 465 | QY1: 466 | QZ1: 467 | RA1: 468 | RB1: 469 | RC1: 470 | RD1: 471 | RE1: 472 | RF1: 473 | RG1: 474 | RH1: 475 | RI1: 476 | RJ1: 477 | RK1: 478 | RL1: 479 | RM1: 480 | RN1: 481 | RO1: 482 | RP1: 483 | RQ1: 484 | RR1: 485 | RS1: 486 | RT1: 487 | RU1: 488 | RV1: 489 | RW1: 490 | RX1: 491 | RY1: 492 | RZ1: 493 | SA1: 494 | SB1: 495 | SC1: 496 | SD1: 497 | SE1: 498 | SF1: 499 | SG1: 500
B2: 연간 | C2: 16년 | D2: 17년 | E2: 18년 | F2: 19년 | G2: 20년 | H2: 21년 | I2: 22년 | J2: 23년 | K2: 24년 | L2: 25년3Q연환산 | M2: 0 | O2: 분기 | P2: 24.3Q | Q2: 24.4Q | R2: 25.1Q | S2: 25.2Q | T2: 25.3Q | U2: 25.4Q | V2: 0 | W2: 46년 | X2: 47년 | Y2: 48년 | AA2: 0 | AB2: 24년 | AC2: 25E | AD2: 26E | AE2: 0 | AF2: 날짜 | AG2: 연간 | AH2: 72년 | AI2: 73년 | AJ2: 10년 | AK2: 46년 | AL2: 83년 | AM2: 20년 | AN2: 56년 | AO2: 92년 | AP2: 29년 | AQ2: 65년 | AR2: 02년 | AS2: 년 | DF2: 44년 | DG2: 45년 | DH2: 45년 | DI2: 46년 | DJ2: 47년 | DK2: 48년 | LD2: 25.4Q | LE2: 26.1Q | LF2: 26.2Q | LK2: 25.4Q | LL2: 26.1Q | LM2: 26.2Q
B3: 실시간 현재가 | C3: 7150 | DP3: 119 | DQ3: 120 | DR3: 121 | DS3: 122 | DT3: 123 | DU3: 124 | DV3: 125 | DW3: 126 | DX3: 127 | DY3: 128 | DZ3: 129 | EA3: 130 | EB3: 131 | EC3: 132 | ED3: 133 | EE3: 134 | EF3: 135 | EG3: 136 | EH3: 137 | EI3: 138 | EJ3: 139 | EK3: 140 | EL3: 141 | EM3: 142 | EN3: 143 | EO3: 144 | EP3: 145 | EQ3: 146 | ER3: 147 | ES3: 148 | ET3: 149 | EU3: 150 | EV3: 151 | EW3: 152 | EX3: 153 | EY3: 154 | EZ3: 155 | FA3: 156 | FB3: 157 | FC3: 158 | FD3: 159 | FE3: 160 | FF3: 161 | FG3: 162 | FH3: 163 | FI3: 164 | FJ3: 165 | FK3: 166 | FL3: 167 | FM3: 168 | FN3: 169 | FO3: 170 | FP3: 171 | FQ3: 172 | FR3: 173 | FS3: 174 | FT3: 175 | FU3: 176 | FV3: 177 | FW3: 178 | FX3: 179 | FY3: 180 | FZ3: 181 | GA3: 182 | GB3: 183 | GC3: 184 | GD3: 185 | GE3: 186 | GF3: 187 | GG3: 188 | GH3: 189 | GI3: 190 | GJ3: 191 | GK3: 192 | GL3: 193 | GM3: 194 | GN3: 195 | GO3: 196 | GP3: 197 | GQ3: 198 | GR3: 199 | GS3: 200 | GT3: 201 | GU3: 202 | GV3: 203 | GW3: 204 | GX3: 205 | GY3: 206 | GZ3: 207
B4: 회사명 | C4: 코드번호 | D4: 주가(원) | E4: 시가총액(억) | F4: 0 | G4: 25년4Q(E) | H4: 매출액 | I4: 영업이익 | J4: 순익(지배) | K4: 0 | L4: 0 | M4: 0 | O4: 0 | P4: 0 | Q4: 0 | R4: 0 | S4: 0 | T4: 0 | U4: 0 | V4: 0
B5: 오파스넷 | C5: A173130 | D5: 7380 | E5: 963 | F5: 0 | G5: 실적발표 | H5: 879 | I5: 45 | J5: 0 | K5: 0 | L5: 0
B6: 업종 | C6: 시가배당율 | D6: 부채비율 | E6: 1년후PER | F6: 0 | G6: YOY | H6: 15.2 | I6: -28.62 | J6: 0 | K6: 0 | L6: 0
B7: 시스템서비스 | C7: 1.36 | D7: 116.98 | E7: 0 | F7: 0 | G7: QOQ | H7: 105.36 | I7: 34.88 | J7: 0 | K7: 0 | L7: 0
B8: PER | C8: PBR | D8: ROE | E8: OPM | F8: 0 | G8: 성장점수 | H8: 수익점수 | I8: 안정점수 | J8: 벨류점수 | K8: 0 | L8: 0
B9: 6.66 | C9: 1.59 | D9: 23.84 | E9: 6.02 | F9: 0 | G9: 99 | H9: 89 | I9: 40 | J9: 43 | K9: 0 | L9: 0
B10: 저점PER | C10: 저점PBR | F10: 0 | G10: 퀀트점수 | H10: 92 | I10: 퀀트상위(%) | J10: 8 | K10: 0 | L10: 0
B11: 4.02 | C11: 0.72 | F11: 0 | G11: 0 | H11: 0 | I11: 0 | J11: 0 | K11: 0 | L11: 0
B12: 고점PER | C12: 고점PBR | F12: 0 | G12: 0 | H12: 0 | I12: 0 | J12: 0 | K12: 0 | L12: 0 | M12: 0 | O12: 0 | P12: 0 | Q12: 0 | R12: 0 | S12: 0 | T12: 0 | U12: 0 | V12: 0
B13: 59.24 | C13: 3.86 | F13: 0 | G13: *데이터 작업은 모두 이 탭에서만! | J13: 0 | K13: 0 | L13: 0 | M13: 0 | O13: 0 | P13: 0 | Q13: 0 | R13: 0 | S13: 0 | T13: 0 | U13: 0 | V13: 0
B14: PER(5년평균) | C14: PBR(5년평균) | D14: ROE(5년평균) | E14: OPM(5년평균)
B15: 11.86 | C15: 2.42 | D15: 20.79 | E15: 5.52
AG16: 1 | AH16: 2 | AI16: 3 | AJ16: 4 | AK16: 5 | AL16: 6 | AM16: 7 | AN16: 8 | AO16: 9 | AP16: 10 | AQ16: 11 | AR16: 12 | AS16: 13 | AT16: 14 | AU16: 15 | AV16: 16 | AW16: 17 | AX16: 18 | AY16: 19 | AZ16: 20 | BA16: 21 | BB16: 22 | BC16: 23 | BD16: 24 | BE16: 25 | BF16: 26 | BG16: 27 | BH16: 28 | BI16: 29 | BJ16: 30 | BK16: 31 | BL16: 32 | BM16: 33 | BN16: 34 | BO16: 35 | BP16: 36 | BQ16: 37 | BR16: 38 | BS16: 39 | BT16: 40 | BU16: 41 | BV16: 42 | BW16: 43 | BX16: 44 | BY16: 45 | BZ16: 46 | CA16: 47 | CB16: 48 | CC16: 49 | CD16: 50 | CE16: 51 | CF16: 52 | CG16: 53 | CH16: 54 | CI16: 55 | CJ16: 56 | CK16: 57 | CL16: 58 | CM16: 59 | CN16: 60 | CO16: 61 | CP16: 62 | CQ16: 63 | CR16: 64 | CS16: 65 | CT16: 66 | CU16: 67 | CV16: 68 | CW16: 69 | CX16: 70 | CY16: 71 | CZ16: 72 | DA16: 73 | DB16: 74 | DF16: 2 | DG16: 3 | DH16: 4 | DI16: 5 | DJ16: 6 | DK16: 7 | DO16: 1 | DP16: 2 | DQ16: 3 | DR16: 4 | DS16: 5 | DT16: 6 | DU16: 7 | DV16: 8 | DW16: 9 | DX16: 10 | DY16: 11 | DZ16: 12 | EA16: 13 | EB16: 14 | EC16: 15 | ED16: 16 | EE16: 17 | EF16: 18 | EG16: 19 | EH16: 20 | EI16: 21 | EJ16: 22 | EK16: 23 | EL16: 24 | EM16: 25 | EN16: 26 | EO16: 27 | EP16: 28 | EQ16: 29 | ER16: 30 | ES16: 31 | ET16: 32 | EU16: 33 | EV16: 34 | EW16: 35 | EX16: 36 | EY16: 37 | EZ16: 38 | FA16: 39 | FB16: 40 | FC16: 41 | FD16: 42 | FE16: 43 | FF16: 44 | FG16: 45 | FH16: 46 | FI16: 47 | FJ16: 48 | FK16: 49 | FL16: 50 | FM16: 51 | FN16: 52 | FO16: 53 | FP16: 54 | FQ16: 55 | FR16: 56 | FS16: 57 | FT16: 58 | FU16: 59 | FV16: 60 | FW16: 61 | FX16: 62 | FY16: 63 | FZ16: 64 | GA16: 65 | GB16: 66 | GC16: 67 | GD16: 68 | GE16: 69 | GF16: 70 | GG16: 71 | GH16: 72 | GI16: 73 | GJ16: 74 | GK16: 75 | GL16: 76 | GM16: 77 | GN16: 78 | GO16: 79 | GP16: 80 | GQ16: 81 | GR16: 82 | GS16: 83 | GT16: 84 | GU16: 85 | GV16: 86 | GW16: 87 | GX16: 88 | GY16: 89 | GZ16: 90 | HA16: 91 | HB16: 92 | HC16: 93 | HD16: 94 | HE16: 95 | HF16: 96 | HG16: 97 | HH16: 98 | HI16: 99 | HJ16: 100 | HK16: 101 | HL16: 102 | HM16: 103 | HN16: 104 | HO16: 105 | HP16: 106 | HQ16: 107 | HR16: 108 | HS16: 109 | HT16: 110 | HU16: 111 | HV16: 112 | HW16: 113 | HX16: 114 | HY16: 115 | HZ16: 116 | IA16: 117 | IB16: 118 | IC16: 119 | ID16: 120 | IE16: 121 | IF16: 122 | IG16: 123 | IH16: 124 | II16: 125 | IJ16: 126 | IK16: 127 | IL16: 128 | IM16: 129 | IN16: 130 | IO16: 131 | IP16: 132 | IQ16: 133 | IR16: 134 | IS16: 135 | IT16: 136 | IU16: 137 | IV16: 138 | IW16: 139 | IX16: 140 | IY16: 141 | IZ16: 142 | JA16: 143 | JB16: 144 | JC16: 145 | JD16: 146 | JE16: 147 | JF16: 148 | JG16: 149 | JH16: 150 | JI16: 151 | JJ16: 152 | JK16: 153 | JL16: 154 | JM16: 155 | JN16: 156 | JO16: 157 | JP16: 158 | JQ16: 159 | JR16: 160 | JS16: 161 | JT16: 162 | JU16: 163 | JV16: 164 | JW16: 165 | JX16: 166 | JY16: 167 | JZ16: 168 | KA16: 169 | KB16: 170 | KC16: 171 | KD16: 172 | KE16: 173 | KF16: 174 | KG16: 175 | KH16: 176 | KI16: 177 | KJ16: 178 | KK16: 179 | KL16: 180 | KM16: 181 | KN16: 182 | KO16: 183 | KP16: 184 | KQ16: 185 | KR16: 186 | KS16: 187 | KT16: 188 | LA16: 2 | LB16: 3 | LC16: 4 | LD16: 5 | LE16: 6 | LF16: 7
B17: Q_DATA 요약 | W17: Fn cons. | X17: 연간 | AB17: Pred. | AC17: 연간 | AF17: Ref | AG17: K_DATA | AH17: 연간 | DE17: Fn_cons | DF17: 연간 | DN17: -5 | DO17: K_DATA | DP17: 분기 | KZ17: Fn_cons | LA17: 분기 | LJ17: Pred | LK17: 분기
B18: 연간 | C18: 16년 | D18: 17년 | E18: 18년 | F18: 19년 | G18: 20년 | H18: 21년 | I18: 22년 | J18: 23년 | K18: 24년 | L18: 25년3Q연환산 | M18: 0 | O18: 분기 | P18: 24.3Q | Q18: 24.4Q | R18: 25.1Q | S18: 25.2Q | T18: 25.3Q | U18: 25.4Q | V18: 0 | W18: 46년 | X18: 47년 | Y18: 48년 | AA18: 0 | AB18: 24년 | AC18: 25E | AD18: 26E | AF18: 날짜 | AG18: 연간 | AH18: 72년 | AI18: 73년 | AJ18: 10년 | AK18: 46년 | AL18: 83년 | AM18: 20년 | AN18: 56년 | AO18: 92년 | AP18: 29년 | AQ18: 65년 | AR18: 02년 | AS18: 년 | DF18: 44년 | DG18: 45년 | DH18: 45년 | DI18: 46년 | DJ18: 47년 | DK18: 48년 | DN18: 날짜 | DO18: 분기 | KZ18: 분기 | LD18: 25.4Q | LE18: 26.1Q | LF18: 26.2Q | LJ18: 분기 | LK18: 25.4Q | LL18: 26.1Q | LM18: 26.2Q | LN18: 0 | LO18: 0
B19: 매출액 | C19: 716 | D19: 714 | E19: 791 | F19: 1041 | G19: 1120 | H19: 1218 | I19: 1706 | J19: 2250 | K19: 1929 | L19: 2217 | M19: 2333 | O19: 매출액 | P19: 444 | Q19: 763 | R19: 444 | S19: 582 | T19: 428 | U19: 879 | V19: 0 | AC19: #VALUE! | AD19: #VALUE! | AF19: 매출액 | AG19: 매출액 | DE19: 매출액 | DN19: 매출액 | DO19: 매출액 | KZ19: 매출액
B20: 영업이익 | C20: 42 | D20: 35 | E20: 31 | F20: 31 | G20: 61 | H20: 58 | I20: 85 | J20: 140 | K20: 107 | L20: 160 | M20: 141 | O20: 영업이익 | P20: 25 | Q20: 64 | R20: 6 | S20: 56 | T20: 34 | U20: 45 | V20: 0 | AC20: #VALUE! | AD20: #VALUE! | AF20: 영업이익 | AG20: 영업이익 | DE20: 영업이익 | DN20: 영업이익 | DO20: 영업이익 | KZ20: 영업이익
B21: 지배순익 | C21: 21 | D21: 31 | E21: 23 | F21: -119 | G21: 60 | H21: 62 | I21: 61 | J21: 105 | K21: 95 | L21: 145 | M21: 81 | O21: 지배순익 | P21: 17 | Q21: 64 | R21: 5 | S21: 46 | T21: 30 | U21: 0 | V21: 0 | W21: - | X21: - | Y21: - | AB21: 95 | AC21: #VALUE! | AD21: #VALUE! | AF21: 지배주주순이익 | AG21: 지배순익 | AH21: 21 | AI21: 31 | AJ21: 23 | AK21: -119 | AL21: 60 | AM21: 62 | AN21: 61 | AO21: 105 | AP21: 95 | AR21: 0 | AS21: 지배주주순이익 | DE21: 지배순익 | DF21: 61 | DG21: 105 | DH21: 95 | DI21: - | DJ21: - | DK21: - | DN21: 지배주주순이익 | DO21: 지배순익 | DP21: 0 | DQ21: -2 | DR21: 0 | DS21: 11 | DT21: 0 | DU21: -1 | DV21: 3 | DW21: 2 | DX21: 20 | DY21: 2 | DZ21: -89 | EA21: 2 | EB21: -34 | EC21: -3 | ED21: 23 | EE21: 21 | EF21: 20 | EG21: 9 | EH21: 18 | EI21: 9 | EJ21: 27 | EK21: 5 | EL21: 21 | EM21: 10 | EN21: 25 | EO21: 16 | EP21: 35 | EQ21: 22 | ER21: 32 | ES21: 1 | ET21: 14 | EU21: 17 | EV21: 64 | EW21: 5 | EX21: 46 | EY21: 30 | EZ21: 0 | FA21: 0 | FB21: 지배주주순이익 | KZ21: 지배순익
B22: OPM(%) | C22: 5.87 | D22: 4.9 | E22: 3.92 | F22: 2.98 | G22: 5.45 | H22: 4.76 | I22: 4.98 | J22: 6.22 | K22: 5.55 | L22: 7.22 | M22: 6.04 | O22: OPM(%) | P22: 5.63 | Q22: 8.39 | R22: 1.35 | S22: 9.62 | T22: 7.94 | U22: 5.12 | V22: 0 | AB22: 5.55 | AC22: 5.9925 | AD22: 5.9925 | AF22: 영업이익률 | AG22: OPM(%) | AH22: 5.82 | AI22: 4.86 | AJ22: 3.88 | AK22: 2.94 | AL22: 5.46 | AM22: 4.76 | AN22: 5 | AO22: 6.2 | AP22: 5.52 | AQ22: 5.9925 | AR22: 0 | AS22: 영업이익률 | DE22: OPM(%) | DN22: 영업이익률 | DO22: OPM(%) | DP22: 0 | DQ22: -6.26 | DR22: 0 | DS22: 8.28 | DT22: 0 | DU22: -1.59 | DV22: 4.86 | DW22: 0.9 | DX22: 6.57 | DY22: 1.06 | DZ22: 3.92 | EA22: 0.7 | EB22: 4.28 | EC22: -1.67 | ED22: 7.36 | EE22: 7.86 | EF22: 5.73 | EG22: 2.08 | EH22: 4.36 | EI22: 5.37 | EJ22: 5.74 | EK22: 3.24 | EL22: 8.45 | EM22: 4.08 | EN22: 4.26 | EO22: 6.04 | EP22: 8.69 | EQ22: 6.24 | ER22: 4.74 | ES22: 0.33 | ET22: 4.3 | EU22: 5.66 | EV22: 8.32 | EW22: 1.27 | EX22: 9.6 | EY22: 7.85 | EZ22: 0 | FA22: 0 | FB22: 영업이익률 | KZ22: OPM(%)
B23: 매출액 증가율(%) | C23: 0 | D23: -0.28 | E23: 10.78 | F23: 31.61 | G23: 7.59 | H23: 8.75 | I23: 40.07 | J23: 31.89 | K23: -14.27 | L23: 11.18 | M23: 20.94 | O23: 매출액 증가율(%) | P23: -15.27 | Q23: -7.96 | R23: 34.14 | S23: 49.23 | T23: -3.6 | U23: 15.2 | V23: 0 | W23: 20.95 | X23: - | Y23: - | AF23: 매출액 증가율(%) | AG23: 매출액 증가율(%) | BE23: 0 | BF23: 0 | BG23: 0 | BH23: 0 | BI23: 0 | BJ23: 0 | BK23: 0 | BL23: 0 | BM23: 0 | BN23: 0 | BO23: 0 | BP23: 0 | BQ23: 0 | BR23: 0 | BS23: 0 | BT23: 0 | BU23: 0 | BV23: 0 | BW23: 0 | BX23: 0 | BY23: 0 | BZ23: 0 | CA23: 0 | CB23: 0 | CC23: 0 | CD23: 0 | CE23: 0 | CF23: 0 | CG23: 0 | CH23: 0 | CI23: 0 | CJ23: 0 | CK23: 0 | CL23: 0 | CM23: 0 | CN23: 0 | CO23: 0 | CP23: 0 | CQ23: 0 | CR23: 0 | CS23: 0 | CT23: 0 | CU23: 0 | CV23: 0 | CW23: 0 | CX23: 0 | CY23: 0 | CZ23: 0 | DA23: 0 | DB23: 0 | DE23: 매출액 증가율(%) | DF23: 40.1 | DG23: 31.89 | DH23: -14.27 | DI23: 20.95 | DJ23: - | DK23: - | DN23: 매출액 증가율(%) | DO23: 매출액 증가율(%) | DQ23: 0 | DR23: 0 | DS23: 0 | KZ23: 매출액 증가율(%) | LA23: 33.85 | LB23: 49.19 | LC23: -3.57 | LD23: 15.2 | LE23: - | LF23: -
B24: 영업이익 증가율(%) | C24: 0 | D24: -16.67 | E24: -11.43 | F24: 0 | G24: 96.77 | H24: -4.92 | I24: 46.55 | J24: 64.71 | K24: -23.57 | L24: 95.12 | M24: 31.78 | O24: 영업이익 증가율(%) | P24: -24.24 | Q24: 64.1 | R24: 500 | S24: 229.41 | T24: 36 | U24: -29.69 | V24: 0 | W24: 31.85 | X24: - | Y24: - | AF24: 영업이익 증가율(%) | AG24: 영업이익 증가율(%) | BE24: 0 | BF24: 0 | BG24: 0 | BH24: 0 | BI24: 0 | BJ24: 0 | BK24: 0 | BL24: 0 | BM24: 0 | BN24: 0 | BO24: 0 | BP24: 0 | BQ24: 0 | BR24: 0 | BS24: 0 | BT24: 0 | BU24: 0 | BV24: 0 | BW24: 0 | BX24: 0 | BY24: 0 | BZ24: 0 | CA24: 0 | CB24: 0 | CC24: 0 | CD24: 0 | CE24: 0 | CF24: 0 | CG24: 0 | CH24: 0 | CI24: 0 | CJ24: 0 | CK24: 0 | CL24: 0 | CM24: 0 | CN24: 0 | CO24: 0 | CP24: 0 | CQ24: 0 | CR24: 0 | CS24: 0 | CT24: 0 | CU24: 0 | CV24: 0 | CW24: 0 | CX24: 0 | CY24: 0 | CZ24: 0 | DA24: 0 | DB24: 0 | DE24: 영업이익 증가율(%) | DF24: 47.04 | DG24: 63.67 | DH24: -23.65 | DI24: 31.85 | DJ24: - | DK24: - | DN24: 영업이익 증가율(%) | DO24: 영업이익 증가율(%) | DQ24: 0 | DR24: 0 | DS24: 0 | KZ24: 영업이익 증가율(%) | LA24: 423.15 | LB24: 233.05 | LC24: 33.73 | LD24: -28.61 | LE24: - | LF24: -
B25: ROE | C25: 0 | D25: 10.6 | E25: 7.57 | F25: -67.18 | G25: 26.63 | H25: 21.59 | I25: 17.18 | J25: 22.73 | K25: 17.72 | L25: 23.93 | M25: 0 | O25: 0 | P25: 0 | Q25: 0 | R25: 0 | S25: 0 | T25: 0 | U25: 0 | V25: 0 | Y25: 0 | AB25: 19.019019 | AC25: #VALUE! | AD25: #VALUE! | AF25: 지배주주ROE | AG25: ROE | AH25: 0 | AI25: 20.67 | AJ25: 9.77 | AK25: -49.58 | AL25: 29.88 | AM25: 24.15 | AN25: 18.86 | AO25: 25.71 | AP25: 19.12 | AQ25: 0 | AR25: 0 | AS25: 지배주주ROE | DE25: ROE | DG25: 25.830258 | DH25: 19.019019 | DK25: 0 | DN25: 지배주주ROE | DO25: ROE | DP25: 0 | DQ25: 0 | DR25: 0 | DS25: 0 | DT25: 0 | DU25: -2.52 | DV25: 0 | DW25: 0 | DX25: 26.73 | DY25: 2.85 | DZ25: -137.03 | EA25: 3.52 | EB25: -68.63 | EC25: -7.24 | ED25: 49.57 | EE25: 41.17 | EF25: 36.1 | EG25: 14.83 | EH25: 29.2 | EI25: 13.86 | EJ25: 0 | EK25: 7.56 | EL25: 28.09 | EM25: 12.13 | EN25: 29.14 | EO25: 18.09 | EP25: 36.3 | EQ25: 21 | ER25: 28.77 | ES25: 1.16 | ET25: 12 | EU25: 14.3 | EV25: 49.96 | EW25: 3.58 | EX25: 33.1 | EY25: 20.62 | EZ25: 0 | FA25: 0 | FB25: 지배주주ROE | KZ25: ROE
B26: ROA | C26: 0 | D26: 5.19 | E26: 4.44 | F26: -18.06 | G26: 11.82 | H26: 8.16 | I26: 5.09 | J26: 8.3 | K26: 6.91 | L26: 10.88 | M26: 0 | O26: 0 | P26: 0 | Q26: 0 | R26: 0 | S26: 0 | T26: 0 | U26: 0 | V26: 0 | AF26: ROA | AG26: ROA | DE26: ROA | DN26: ROA | DO26: ROA | KZ26: ROA
B27: 부채비율(%) | C27: 123.15 | D27: 104.38 | E27: 70.54 | F27: 271.89 | G27: 125.38 | H27: 164.77 | I27: 237.66 | J27: 169.72 | K27: 152.52 | L27: 118.65 | M27: 0 | O27: 0 | P27: 0 | Q27: 0 | R27: 0 | S27: 0 | T27: 0 | U27: 0 | V27: 0 | AF27: 부채비율(%) | AG27: 부채비율(%) | AH27: 123.15 | AI27: 104.38 | AJ27: 70.54 | AK27: 271.89 | AL27: 125.38 | AM27: 165.04 | AN27: 237.66 | AO27: 169.72 | AP27: 152.52 | AQ27: 0 | AR27: 0 | AS27: 부채비율 | DE27: 부채비율(%) | DN27: 부채비율(%) | DO27: 부채비율(%) | DP27: 123.15 | DQ27: 0 | DR27: 0 | DS27: 0 | DT27: 104.38 | DU27: 82.39 | DV27: 0 | DW27: 57.05 | DX27: 70.54 | DY27: 75.59 | DZ27: 165.4 | EA27: 136.75 | EB27: 271.89 | EC27: 181.4 | ED27: 168.68 | EE27: 125.17 | EF27: 125.38 | EG27: 104.44 | EH27: 118.39 | EI27: 133.62 | EJ27: 165.04 | EK27: 161.69 | EL27: 185.7 | EM27: 191.86 | EN27: 237.66 | EO27: 220.79 | EP27: 194.73 | EQ27: 163.48 | ER27: 169.72 | ES27: 159 | ET27: 143.38 | EU27: 133.04 | EV27: 152.52 | EW27: 134.26 | EX27: 127.43 | EY27: 116.98 | EZ27: 0 | FA27: 0 | FB27: 부채비율 | KZ27: 부채비율(%)
B28: 유동비율(%) | C28: 201.29 | D28: 205.29 | E28: 253.61 | F28: 135.12 | G28: 199.69 | H28: 166.29 | I28: 135.42 | J28: 145.31 | K28: 165.55 | L28: 199.1 | M28: 0 | O28: 0 | P28: 0 | Q28: 0 | R28: 0 | S28: 0 | T28: 0 | U28: 0 | V28: 0 | AF28: 유동비율(%) | AG28: 유동비율(%) | DE28: 유동비율(%) | DN28: 유동비율(%) | DO28: 유동비율(%) | KZ28: 유동비율(%)
B29: 영업활동현금흐름 | C29: 0 | D29: 51 | E29: 20 | F29: -9 | G29: 11 | H29: 88 | I29: -352 | J29: 278 | K29: 114 | L29: 316 | M29: 0 | O29: 영업활동현금흐름 | P29: -39 | Q29: 294 | R29: 26 | S29: -6 | T29: 2 | U29: 0 | V29: 0 | AF29: 영업활동현금흐름 | AG29: 영업활동현금흐름 | AH29: 32 | AI29: 23 | AJ29: 20 | AK29: -9 | AL29: 11 | AM29: 88 | AN29: -352 | AO29: 278 | AP29: 114 | AQ29: 0 | AR29: 0 | AS29: 영업활동현금흐름 | DE29: 영업활동현금흐름 | DN29: 영업활동현금흐름 | DO29: 영업활동현금흐름 | DP29: 0 | DQ29: -6 | DR29: 0 | DS29: -28 | DT29: 0 | DU29: -1 | DV29: -15 | DW29: 13 | DX29: 23 | DY29: -56 | DZ29: 58 | EA29: -113 | EB29: 103 | EC29: -209 | ED29: 94 | EE29: 25 | EF29: 100 | EG29: -9 | EH29: -16 | EI29: -46 | EJ29: 159 | EK29: -194 | EL29: 7 | EM29: -174 | EN29: 9 | EO29: -63 | EP29: 115 | EQ29: -36 | ER29: 262 | ES29: -102 | ET29: -39 | EU29: -39 | EV29: 294 | EW29: 26 | EX29: -6 | EY29: 2 | EZ29: 0 | FA29: 0 | FB29: 영업활동현금흐름 | KZ29: 영업활동현금흐름
B30: 설비투자 | C30: 0 | D30: 0 | E30: 3 | F30: 7 | G30: 1 | H30: 1 | I30: 1 | J30: 6 | K30: 1 | L30: 2 | M30: 0 | O30: 설비투자 | P30: 0 | Q30: 0 | R30: 1 | S30: 1 | T30: 0 | U30: 0 | V30: 0 | AF30: 설비투자 | AG30: 설비투자 | DE30: 설비투자 | DN30: 설비투자 | DO30: 설비투자 | KZ30: 설비투자
B31: 재무활동현금흐름 | C31: 0 | D31: -68 | E31: 85 | F31: 105 | G31: -134 | H31: 45 | I31: 260 | J31: -128 | K31: -40 | L31: -83 | M31: 0 | O31: 재무활동현금흐름 | P31: 28 | Q31: -105 | R31: 31 | S31: -17 | T31: 8 | U31: 0 | V31: 0 | AF31: 재무활동현금흐름 | AG31: 재무활동현금흐름 | DE31: 재무활동현금흐름 | DN31: 재무활동현금흐름 | DO31: 재무활동현금흐름 | DP31: 0 | DQ31: -16 | DR31: 0 | DS31: 45 | DT31: 0 | DU31: -1 | DV31: 33 | DW31: 82 | DX31: -29 | DY31: 81 | DZ31: -26 | EA31: 47 | EB31: 4 | EC31: 50 | ED31: -38 | EE31: -88 | EF31: -57 | EG31: 24 | EH31: 14 | EI31: 51 | EJ31: -44 | EK31: 109 | EL31: 12 | EM31: 101 | EN31: 38 | EO31: 22 | EP31: -79 | EQ31: 56 | ER31: -126 | ES31: 104 | ET31: -67 | EU31: 28 | EV31: -105 | EW31: 31 | EX31: -17 | EY31: 8 | EZ31: 0 | FA31: 0 | FB31: 재무활동현금흐름 | KZ31: 재무활동현금흐름
B32: FCF | C32: 0 | D32: 51 | E32: 17 | F32: -16 | G32: 10 | H32: 88 | I32: -354 | J32: 273 | K32: 112 | L32: 314 | M32: 0 | O32: FCF | P32: -39 | Q32: 294 | R32: 25 | S32: -7 | T32: 2 | U32: 0 | V32: 0 | AF32: FCF | AG32: FCF | AH32: 0 | AI32: 20 | AJ32: 13 | AK32: -19 | AL32: -29 | AM32: 77 | AN32: -365 | AO32: 275 | AP32: 99 | AQ32: 0 | AR32: 0 | AS32: 잉여현금흐름 | DE32: FCF | DN32: FCF | DO32: FCF | DP32: -49 | DQ32: 43 | DR32: 0 | DS32: 11 | DT32: -55 | DU32: -17 | DV32: 75 | DW32: -67 | DX32: 20 | DY32: -58 | DZ32: 154 | EA32: -111 | EB32: 133 | EC32: -214 | ED32: 96 | EE32: 12 | EF32: 76 | EG32: -12 | EH32: -13 | EI32: -45 | EJ32: -18 | EK32: -191 | EL32: 22 | EM32: -195 | EN32: -2 | EO32: -53 | EP32: 106 | EQ32: -42 | ER32: 264 | ES32: -69 | ET32: -71 | EU32: -41 | EV32: 279 | EW32: 38 | EX32: -21 | EY32: 1 | EZ32: 0 | FA32: 0 | FB32: 잉여현금흐름 | KZ32: FCF
B33: 지배주주지분 | C33: 132 | D33: 166 | E33: 302 | F33: 177 | G33: 226 | H33: 291 | I33: 353 | J33: 460 | K33: 539 | L33: 606 | M33: 0 | O33: 지배주주지분 | P33: 480 | Q33: 539 | R33: 530 | S33: 576 | T33: 606 | U33: 0 | V33: 0 | AB33: 539 | AC33: 643.74684 | AD33: 768.84971 | AF33: 지배주주지분 | AG33: 지배주주지분 | DE33: 지배주주지분 | DN33: 지배주주지분 | DO33: 지배주주지분 | KZ33: 지배주주지분
B34: DPS | C34: 0 | D34: 0 | E34: 0 | F34: 0 | G34: 0 | H34: 45 | I34: 45 | J34: 136 | K34: 100 | L34: 100 | M34: 0 | O34: 0 | P34: 0 | Q34: 0 | R34: 0 | S34: 0 | T34: 0 | U34: 0 | V34: 0 | W34: 250 | X34: - | Y34: - | AF34: DPS(연간) | AG34: DPS | AH34: 0 | AI34: 0 | AJ34: 0 | AK34: 0 | AL34: 0 | AM34: 45 | AN34: 45 | AO34: 91 | AP34: 100 | AQ34: 0 | AR34: 0 | AS34: DPS(연간) | DE34: DPS | DF34: 45.45 | DG34: 90.91 | DH34: 100 | DI34: 250 | DJ34: - | DK34: - | DN34: DPS(연간) | DO34: DPS | KZ34: DPS | LA34: - | LB34: - | LC34: - | LD34: 250 | LE34: - | LF34: -
B35: 연간 배당률(%) | C35: 0 | D35: 0 | E35: 0 | F35: 0 | G35: 0 | H35: 1.25 | I35: 0.58 | J35: 1.16 | K35: 1.18 | L35: 1.59 | M35: 1.36 | O35: 0 | P35: 0 | Q35: 0 | R35: 0 | S35: 0 | T35: 0 | U35: 0 | V35: 0 | AF35: 연간 배당률(%) | AG35: 연간 배당률(%) | AH35: 0 | AI35: 0 | AJ35: 0 | AK35: 0 | AL35: 0 | AM35: 1.2486127 | AN35: 0.58169597 | AO35: 0.77645051 | AP35: 1.1848341 | AQ35: 0 | AR35: 0 | DE35: 연간 배당률(%) | DN35: 연간 배당률(%) | DO35: 연간 배당률(%) | KZ35: 연간 배당률(%)
B36: 배당성향(%) | C36: 0 | D36: 0 | E36: 0 | F36: 0 | G36: 0 | H36: 9.36 | I36: 9.67 | J36: 15.43 | K36: 13.67 | L36: 9 | M36: 16.11 | O36: 0 | P36: 0 | Q36: 0 | R36: 0 | S36: 0 | T36: 0 | U36: 0 | V36: 0 | AF36: 배당성향(%) | AG36: 배당성향(%) | DE36: 배당성향(%) | DN36: 배당성향(%) | DO36: 배당성향(%) | KZ36: 배당성향(%)
B37: 이익잉여금 | W37: 0 | X37: 0 | Y37: 0 | AF37: 이익잉여금 | AG37: 이익잉여금 | AH37: 118 | AI37: 146 | AJ37: 170 | AK37: 47 | AL37: 105 | AM37: 170 | AN37: 233 | AO37: 324 | AP37: 397 | AQ37: 0 | AR37: 0 | AS37: 이익잉여금 | DD37: IFRS (연결) | 연간 | DF37: 오류시 | DN37: 이익잉여금 | DO37: 이익잉여금 | KY37: IFRS (연결) | 분기 | LA37: 오류시
W38: 0 | X38: 0 | Y38: 0 | DD38: IFRS (별도) | 연간 | DN38: 0 | KY38: IFRS (별도) | 분기
W39: #원본:DI열 | Y39: ROE점검 | AG39: 12 | AH39: 12 | AI39: 11 | AJ39: 10 | AK39: 9 | AL39: 8 | AM39: 7 | AN39: 6 | AO39: 5 | AP39: 4 | AQ39: 3 | AR39: 2 | AS39: 1 | AT39: 0 | AU39: -1 | AV39: -2 | AW39: -3 | AX39: -4 | AY39: -5 | AZ39: -6 | BA39: -7 | BB39: -8 | BC39: -9 | BD39: -10 | BE39: -11 | BF39: -12 | BG39: -13 | BH39: -14 | BI39: -15 | BJ39: -16 | BK39: -17 | BL39: -18 | BM39: -19 | BN39: -20 | BO39: -21 | BP39: -22 | BQ39: -23 | BR39: -24 | BS39: -25 | BT39: -26 | BU39: -27 | BV39: -28 | BW39: -29 | BX39: -30 | BY39: -31 | BZ39: -32 | CA39: -33 | CB39: -34 | CC39: -35 | CD39: -36 | CE39: -37 | CF39: -38 | CG39: -39 | CH39: -40 | CI39: -41 | CJ39: -42 | CK39: -43 | CL39: -44 | CM39: -45 | CN39: -46 | CO39: -47 | CP39: -48 | CQ39: -49 | CR39: -50 | CS39: -51 | CT39: -52 | CU39: -53 | CV39: -54 | CW39: -55 | CX39: -56 | CY39: -57 | CZ39: -58 | DA39: -59 | DB39: -60 | DF39: 2 | DG39: 3 | DH39: 4 | DI39: 5 | DJ39: 6 | DK39: 7 | DN39: 0 | DO39: 39 | DP39: 39 | DQ39: 38 | DR39: 37 | DS39: 36 | DT39: 35 | DU39: 34 | DV39: 33 | DW39: 32 | DX39: 31 | DY39: 30 | DZ39: 29 | EA39: 28 | EB39: 27 | EC39: 26 | ED39: 25 | EE39: 24 | EF39: 23 | EG39: 22 | EH39: 21 | EI39: 20 | EJ39: 19 | EK39: 18 | EL39: 17 | EM39: 16 | EN39: 15 | EO39: 14 | EP39: 13 | EQ39: 12 | ER39: 11 | ES39: 10 | ET39: 9 | EU39: 8 | EV39: 7 | EW39: 6 | EX39: 5 | EY39: 4 | EZ39: 3 | FA39: 2 | FB39: 1 | FC39: 0 | FD39: -1 | FE39: -2 | FF39: -3 | FG39: -4 | FH39: -5 | FI39: -6 | FJ39: -7 | FK39: -8 | FL39: -9 | FM39: -10 | FN39: -11 | FO39: -12 | FP39: -13 | FQ39: -14 | FR39: -15 | FS39: -16 | FT39: -17 | FU39: -18 | FV39: -19 | FW39: -20 | FX39: -21 | FY39: -22 | FZ39: -23 | GA39: -24 | GB39: -25 | GC39: -26 | GD39: -27 | GE39: -28 | GF39: -29 | GG39: -30 | GH39: -31 | GI39: -32 | GJ39: -33 | GK39: -34 | GL39: -35 | GM39: -36 | GN39: -37 | GO39: -38 | GP39: -39 | GQ39: -40 | GR39: -41 | GS39: -42 | GT39: -43 | GU39: -44 | GV39: -45 | GW39: -46 | GX39: -47 | GY39: -48 | GZ39: -49 | HA39: -50 | HB39: -51 | HC39: -52 | HD39: -53 | HE39: -54 | HF39: -55 | HG39: -56 | HH39: -57 | HI39: -58 | HJ39: -59 | HK39: -60 | HL39: -61 | HM39: -62 | HN39: -63 | HO39: -64 | HP39: -65 | HQ39: -66 | HR39: -67 | HS39: -68 | HT39: -69 | HU39: -70 | HV39: -71 | HW39: -72 | HX39: -73 | HY39: -74 | HZ39: -75 | IA39: -76 | IB39: -77 | IC39: -78 | ID39: -79 | IE39: -80 | IF39: -81 | IG39: -82 | IH39: -83 | II39: -84 | IJ39: -85 | IK39: -86 | IL39: -87 | IM39: -88 | IN39: -89 | IO39: -90 | IP39: -91 | IQ39: -92 | IR39: -93 | IS39: -94 | IT39: -95 | IU39: -96 | IV39: -97 | IW39: -98 | IX39: -99 | IY39: -100 | IZ39: -101 | JA39: -102 | JB39: -103 | JC39: -104 | JD39: -105 | JE39: -106 | JF39: -107 | JG39: -108 | JH39: -109 | JI39: -110 | JJ39: -111 | JK39: -112 | JL39: -113 | JM39: -114 | JN39: -115 | JO39: -116 | JP39: -117 | JQ39: -118 | JR39: -119 | JS39: -120 | JT39: -121 | JU39: -122 | JV39: -123 | JW39: -124 | JX39: -125 | JY39: -126 | JZ39: -127 | KA39: -128 | KB39: -129 | KC39: -130 | KD39: -131 | KE39: -132 | KF39: -133 | KG39: -134 | KH39: -135 | KI39: -136 | KJ39: -137 | KK39: -138 | KL39: -139 | KM39: -140 | KN39: -141 | KO39: -142 | KP39: -143 | KQ39: -144 | KR39: -145 | KS39: -146 | KT39: -147 | LA39: 2 | LB39: 3 | LC39: 4 | LD39: 5 | LE39: 6 | LF39: 7
B40: Q_DATA 상세 | C40: 0 | D40: 0 | E40: 0 | F40: 0 | G40: 0 | H40: 0 | I40: 0 | J40: 0 | K40: 0 | L40: 0 | M40: 0 | O40: 0 | P40: 0 | Q40: 0 | R40: 0 | S40: 0 | T40: 0 | U40: 0 | V40: 0 | W40: Fn cons | Y40: FALSE | AB40: Pred. | AF40: Ref | AG40: K_DATA | DD40: Ref | DE40: Fn_DATA | DM40: -5 | DN40: Ref | DO40: K_DATA | KY40: Ref | KZ40: Fn_DATA | LJ40: Pred
B41: 연간 | C41: 16년 | D41: 17년 | E41: 18년 | F41: 19년 | G41: 20년 | H41: 21년 | I41: 22년 | J41: 23년 | K41: 24년 | L41: 25년3Q연환산 | M41: 0 | O41: 분기 | P41: 24.3Q | Q41: 24.4Q | R41: 25.1Q | S41: 25.2Q | T41: 25.3Q | U41: 25.4Q | V41: 0 | W41: 46년 | X41: 47년 | Y41: 48년 | AA41: FnGuide | AB41: 24년 | AC41: 25E | AD41: 26E | AF41: 날짜 | AG41: 연간 | AH41: 72년 | AI41: 73년 | AJ41: 10년 | AK41: 46년 | AL41: 83년 | AM41: 20년 | AN41: 56년 | AO41: 92년 | AP41: 29년 | AQ41: 65년 | AR41: 02년 | AS41: 년 | DD41: IFRS (연결) | 연간 | DF41: 44년 | DG41: 45년 | DH41: 45년 | DI41: 46년 | DJ41: 47년 | DK41: 48년 | DN41: 날짜 | DO41: 분기 | KY41: IFRS (연결) | 분기 | LD41: 25.4Q | LE41: 26.1Q | LF41: 26.2Q | LJ41: 분기 | LK41: 25.4Q | LL41: 26.1Q | LM41: 26.2Q
B42: 매출액 | C42: 716 | D42: 714 | E42: 791 | F42: 1041 | G42: 1120 | H42: 1218 | I42: 1706 | J42: 2250 | K42: 1929 | L42: 2217 | M42: 2333 | O42: 매출액 | P42: 444 | Q42: 763 | R42: 444 | S42: 582 | T42: 428 | U42: 879 | V42: 0 | AB42: 1929 | AC42: #VALUE! | AD42: #VALUE! | AF42: 매출액 | AG42: 매출액 | AQ42: #VALUE! | DD42: 매출액 | DE42: 매출액 | DN42: 매출액 | DO42: 매출액 | KY42: 매출액 | KZ42: 매출액
B43: 영업이익 | C43: 42 | D43: 35 | E43: 31 | F43: 31 | G43: 61 | H43: 58 | I43: 85 | J43: 140 | K43: 107 | L43: 160 | M43: 141 | O43: 영업이익 | P43: 25 | Q43: 64 | R43: 6 | S43: 56 | T43: 34 | U43: 45 | V43: 0 | AB43: 107 | AC43: #VALUE! | AD43: #VALUE! | AF43: 영업이익 | AG43: 영업이익 | AQ43: #VALUE! | DD43: 영업이익 | DE43: 영업이익 | DN43: 영업이익 | DO43: 영업이익 | KY43: 영업이익 | KZ43: 영업이익
B44: 지배순익 | C44: 21 | D44: 31 | E44: 23 | F44: -119 | G44: 60 | H44: 62 | I44: 61 | J44: 105 | K44: 95 | L44: 145 | M44: 81 | O44: 지배순익 | P44: 17 | Q44: 64 | R44: 5 | S44: 46 | T44: 30 | U44: 0 | V44: 0 | W44: - | X44: - | Y44: - | AA44: 지배순익 | AB44: 95 | AC44: #VALUE! | AD44: #VALUE! | AF44: 지배주주순이익 | AG44: 지배순익 | AH44: 21 | AI44: 31 | AJ44: 23 | AK44: -119 | AL44: 60 | AM44: 62 | AN44: 61 | AO44: 105 | AP44: 95 | AQ44: #VALUE! | AR44: 0 | AS44: 지배주주순이익 | DD44: 지배주주순이익 | DE44: 지배순익 | DF44: 61 | DG44: 105 | DH44: 95 | DI44: - | DJ44: - | DK44: - | DN44: 지배주주순이익 | DO44: 지배순익 | DP44: 0 | DQ44: -2 | DR44: 0 | DS44: 11 | DT44: 0 | DU44: -1 | DV44: 3 | DW44: 2 | DX44: 20 | DY44: 2 | DZ44: -89 | EA44: 2 | EB44: -34 | EC44: -3 | ED44: 23 | EE44: 21 | EF44: 20 | EG44: 9 | EH44: 18 | EI44: 9 | EJ44: 27 | EK44: 5 | EL44: 21 | EM44: 10 | EN44: 25 | EO44: 16 | EP44: 35 | EQ44: 22 | ER44: 32 | ES44: 1 | ET44: 14 | EU44: 17 | EV44: 64 | EW44: 5 | EX44: 46 | EY44: 30 | EZ44: 0 | FA44: 0 | FB44: 지배주주순이익 | KZ44: 지배순익
B45: OPM(%) | C45: 5.87 | D45: 4.9 | E45: 3.92 | F45: 2.98 | G45: 5.45 | H45: 4.76 | I45: 4.98 | J45: 6.22 | K45: 5.55 | L45: 7.22 | M45: 6.04 | O45: OPM(%) | P45: 5.63 | Q45: 8.39 | R45: 1.35 | S45: 9.62 | T45: 7.94 | U45: 5.12 | V45: 0 | W45: #VALUE! | X45: #VALUE! | Y45: #VALUE! | AB45: 5.55 | AC45: 5.9925 | AD45: 5.9925 | AF45: 영업이익률 | AG45: OPM(%) | AH45: 5.82 | AI45: 4.86 | AJ45: 3.88 | AK45: 2.94 | AL45: 5.46 | AM45: 4.76 | AN45: 5 | AO45: 6.2 | AP45: 5.52 | AQ45: 5.9925 | AR45: 0 | AS45: 영업이익률 | DE45: OPM(%) | DF45: #VALUE! | DG45: #VALUE! | DH45: #VALUE! | DI45: #VALUE! | DJ45: #VALUE! | DK45: #VALUE! | DN45: 영업이익률 | DO45: OPM(%) | DP45: 0 | DQ45: -6.26 | DR45: 0 | DS45: 8.28 | DT45: 0 | DU45: -1.59 | DV45: 4.86 | DW45: 0.9 | DX45: 6.57 | DY45: 1.06 | DZ45: 3.92 | EA45: 0.7 | EB45: 4.28 | EC45: -1.67 | ED45: 7.36 | EE45: 7.86 | EF45: 5.73 | EG45: 2.08 | EH45: 4.36 | EI45: 5.37 | EJ45: 5.74 | EK45: 3.24 | EL45: 8.45 | EM45: 4.08 | EN45: 4.26 | EO45: 6.04 | EP45: 8.69 | EQ45: 6.24 | ER45: 4.74 | ES45: 0.33 | ET45: 4.3 | EU45: 5.66 | EV45: 8.32 | EW45: 1.27 | EX45: 9.6 | EY45: 7.85 | EZ45: 0 | FA45: 0 | FB45: 영업이익률 | KZ45: OPM(%)
B46: NPM(%) | C46: 2.93 | D46: 4.34 | E46: 2.91 | F46: -11.43 | G46: 5.36 | H46: 5.09 | I46: 3.58 | J46: 4.67 | K46: 4.92 | L46: 6.54 | M46: 3.47 | O46: NPM(%) | P46: 3.83 | Q46: 8.39 | R46: 1.13 | S46: 7.9 | T46: 7.01 | U46: 0 | V46: 0 | W46: #VALUE! | X46: #VALUE! | Y46: #VALUE! | AB46: 4.92 | AC46: #VALUE! | AD46: #VALUE! | AF46: NPM(%) | AG46: NPM(%) | AQ46: #VALUE! | DE46: NPM(%) | DF46: #VALUE! | DG46: #VALUE! | DH46: #VALUE! | DI46: #VALUE! | DJ46: #VALUE! | DK46: #VALUE! | DN46: NPM(%) | DO46: NPM(%) | KZ46: NPM(%)
B47: 매출액 증가율(%) | C47: 0 | D47: -0.28 | E47: 10.78 | F47: 31.61 | G47: 7.59 | H47: 8.75 | I47: 40.07 | J47: 31.89 | K47: -14.27 | L47: 11.18 | M47: 20.94 | O47: 매출액 증가율(%) | P47: -15.27 | Q47: -7.96 | R47: 34.14 | S47: 49.23 | T47: -3.6 | U47: 15.2 | V47: 0 | W47: 20.95 | X47: - | Y47: - | AB47: -14.27 | AC47: #VALUE! | AD47: #VALUE! | AF47: 매출액 증가율(%) | AG47: 매출액 증가율(%) | DD47: 전년동기대비(%) | DE47: 매출액 증가율(%) | DF47: 40.1 | DG47: 31.89 | DH47: -14.27 | DI47: 20.95 | DJ47: - | DK47: - | DN47: 매출액 증가율(%) | DO47: 매출액 증가율(%) | KY47: 전년동기대비(%) | KZ47: 매출액 증가율(%) | LA47: 33.85 | LB47: 49.19 | LC47: -3.57 | LD47: 15.2 | LE47: - | LF47: -
B48: 영업이익 증가율(%) | C48: 0 | D48: -16.67 | E48: -11.43 | F48: 0 | G48: 96.77 | H48: -4.92 | I48: 46.55 | J48: 64.71 | K48: -23.57 | L48: 95.12 | M48: 31.78 | O48: 영업이익 증가율(%) | P48: -24.24 | Q48: 64.1 | R48: 500 | S48: 229.41 | T48: 36 | U48: -29.69 | V48: 0 | W48: 31.85 | X48: - | Y48: - | AC48: #VALUE! | AD48: #VALUE! | AF48: 영업이익 증가율(%) | AG48: 영업이익 증가율(%) | DD48: 전년동기대비(%) | DE48: 영업이익 증가율(%) | DF48: 47.04 | DG48: 63.67 | DH48: -23.65 | DI48: 31.85 | DJ48: - | DK48: - | DN48: 영업이익 증가율(%) | DO48: 영업이익 증가율(%) | KY48: 전년동기대비(%) | KZ48: 영업이익 증가율(%) | LA48: 423.15 | LB48: 233.05 | LC48: 33.73 | LD48: -28.61 | LE48: - | LF48: -
B49: 지배순익 증가율(%) | C49: 0 | D49: 47.62 | E49: -25.81 | F49: -617.39 | G49: 150.42 | H49: 3.33 | I49: -1.61 | J49: 72.13 | K49: -9.52 | L49: 126.56 | M49: -14.74 | O49: 지배순익 증가율(%) | P49: -22.73 | Q49: 100 | R49: 400 | S49: 228.57 | T49: 76.47 | U49: -100 | V49: 0 | W49: 24.55 | X49: - | Y49: - | AC49: #VALUE! | AD49: #VALUE! | AF49: 지배순익 증가율(%) | AG49: 지배순익 증가율(%) | AI49: 47.619048 | AJ49: -25.806452 | AK49: -50 | AL49: -50 | AM49: 3.3333333 | AN49: -1.6129032 | AO49: 72.131148 | AP49: -9.5238095 | DD49: 전년동기대비(%) | DE49: 지배순익 증가율(%) | DF49: -2.6 | DG49: 72.35 | DH49: -7.77 | DI49: 24.55 | DJ49: - | DK49: - | DN49: 지배순익 증가율(%) | DO49: 지배순익 증가율(%) | DU49: -50 | DW49: -81.818182 | DY49: -300 | DZ49: -3066.6667 | EA49: 0 | EB49: -270 | EC49: -250 | ED49: -125.8427 | EE49: 950 | EF49: -158.82353 | EG49: -400 | EH49: -21.73913 | EI49: -57.142857 | EJ49: 35 | EK49: -44.444444 | EL49: 16.666667 | EM49: 11.111111 | EN49: -7.4074074 | EO49: 220 | EP49: 66.666667 | EQ49: 120 | ER49: 28 | ES49: -93.75 | ET49: -60 | EU49: -22.727273 | EV49: 100 | EW49: 400 | EX49: 228.57143 | EY49: 76.470588 | EZ49: -100 | FA49: -100 | KY49: 전년동기대비(%) | KZ49: 지배순익 증가율(%) | LA49: 245.59 | LB49: 237.47 | LC49: 69.4 | LD49: -38.08 | LE49: - | LF49: -
B50: (개별)매출액 | C50: 0 | D50: 384 | E50: 791 | F50: 1041 | G50: 1120 | H50: 1217 | I50: 1702 | J50: 2245 | K50: 1902 | L50: 2161 | M50: 0 | O50: (개별)매출액 | P50: 437 | Q50: 750 | R50: 431 | S50: 563 | T50: 417 | U50: 0 | V50: 0 | AF50: (개별)매출액 | AG50: (개별)매출액 | DE50: (개별)매출액 | DN50: (개별)매출액 | DO50: (개별)매출액 | KZ50: (개별)매출액
B51: (개별)영업이익 | C51: 0 | D51: 17 | E51: 31 | F51: 31 | G51: 61 | H51: 58 | I51: 85 | J51: 140 | K51: 103 | L51: 148 | M51: 0 | O51: (개별)영업이익 | P51: 24 | Q51: 62 | R51: 5 | S51: 48 | T51: 33 | U51: 0 | V51: 0 | AF51: (개별)영업이익 | AG51: (개별)영업이익 | DE51: (개별)영업이익 | DN51: (개별)영업이익 | DO51: (개별)영업이익 | KZ51: (개별)영업이익
B52: (개별)순이익 | C52: 0 | D52: 18 | E52: 23 | F52: -119 | G52: 60 | H52: 63 | I52: 61 | J52: 104 | K52: 93 | L52: 134 | M52: 0 | O52: (개별)순이익 | P52: 17 | Q52: 62 | R52: 4 | S52: 39 | T52: 29 | U52: 0 | V52: 0 | AF52: (개별)순이익 | AG52: (개별)순이익 | DE52: (개별)순이익 | DN52: (개별)순이익 | DO52: (개별)순이익 | KZ52: (개별)순이익
B53: (개별)OPM(%) | C53: 0 | D53: 4.43 | E53: 3.92 | F53: 2.98 | G53: 5.45 | H53: 4.77 | I53: 4.99 | J53: 6.24 | K53: 5.42 | L53: 6.85 | M53: 0 | O53: (개별)OPM(%) | P53: 5.49 | Q53: 8.27 | R53: 1.16 | S53: 8.53 | T53: 7.91 | U53: 0 | V53: 0 | AF53: (개별)OPM(%) | AG53: (개별)OPM(%) | DE53: (개별)OPM(%) | DN53: (개별)OPM(%) | DO53: (개별)OPM(%) | KZ53: (개별)OPM(%)
B54: 개별/연결순익(%) | C54: 0 | D54: 58.06 | E54: 100 | F54: 100 | G54: 100 | H54: 101.61 | I54: 100 | J54: 99.05 | K54: 97.89 | L54: 92.41 | M54: 0 | O54: 개별/연결순익(%) | P54: 100 | Q54: 96.88 | R54: 80 | S54: 84.78 | T54: 96.67 | U54: 0 | V54: 0 | AF54: 개별/연결순익(%) | AG54: 개별/연결순익(%) | DE54: 개별/연결순익(%) | DN54: 개별/연결순익(%) | DO54: 개별/연결순익(%) | KZ54: 개별/연결순익(%)
B55: 주가상승율(%) | C55: 0 | D55: -1.57 | E55: 212.31 | F55: -49.17 | G55: 175.08 | H55: -34.03 | I55: 114.65 | J55: 51.5 | K55: -27.99 | L55: -11.41 | M55: -12.56 | O55: 분기 EPS | P55: 130.27 | Q55: 490.42 | R55: 38.31 | S55: 352.49 | T55: 229.89 | U55: 0 | V55: 0 | AF55: 주가상승율(%) | AG55: 주가상승율(%) | DE55: 주가상승율(%) | DN55: 주가상승율(%) | DO55: 주가상승율(%) | KZ55: 주가상승율(%)
C56: 0 | D56: 0 | E56: 0 | F56: 0 | G56: 0 | H56: 0 | I56: 0 | J56: 0 | K56: 0 | L56: 0 | M56: 0 | O56: 0 | P56: 0 | Q56: 0 | R56: 0 | S56: 0 | T56: 0 | U56: 0 | V56: 0 | DN56: 0 | DO56: 0 | KZ56: 0
B57: 0 | C57: 0 | D57: 0 | E57: 0 | F57: 0 | G57: 0 | H57: 0 | I57: 0 | J57: 0 | K57: 0 | L57: 0 | M57: 0 | O57: 0 | P57: 0 | Q57: 0 | R57: 0 | S57: 0 | T57: 0 | U57: 0 | V57: 0 | AF57: Ref | AG57: K_DATA | DN57: Ref | DO57: 0 | KZ57: 0
B58: 투자지표1 | C58: 16년 | D58: 17년 | E58: 18년 | F58: 19년 | G58: 20년 | H58: 21년 | I58: 22년 | J58: 23년 | K58: 24년 | L58: 25년3Q연환산 | M58: 0 | O58: 0 | P58: 0 | Q58: 0 | R58: 0 | S58: 0 | T58: 0 | U58: 0 | V58: 0 | AF58: 날짜 | AG58: 연간 | AH58: 72년 | AI58: 73년 | AJ58: 10년 | AK58: 46년 | AL58: 83년 | AM58: 20년 | AN58: 56년 | AO58: 92년 | AP58: 29년 | AQ58: 65년 | AR58: 02년 | AS58: 년 | DN58: 날짜 | DO58: 투자지표1 | DP58: 42724 | DQ58: 42737 | DR58: 42828 | DS58: 42919 | DT58: 43018 | DU58: 43102 | DV58: 43192 | DW58: 43283 | DX58: 43374 | DY58: 43467 | DZ58: 43556 | EA58: 43647 | EB58: 43739 | EC58: 43832 | ED58: 43922 | EE58: 44013 | EF58: 44109 | EG58: 44200 | EH58: 44287 | EI58: 44378 | EJ58: 44470 | EK58: 44564 | EL58: 44652 | EM58: 44743 | EN58: 44838 | EO58: 44928 | EP58: 45019 | EQ58: 45110 | ER58: 45203 | ES58: 45293 | ET58: 45383 | EU58: 45474 | EV58: 45567 | EW58: 45659 | EX58: 45748 | EY58: 45839 | EZ58: 45931 | FA58: 46024 | FB58: 날짜 | KZ58: 투자지표1
B59: 시가총액 | C59: 115 | D59: 120 | E59: 509 | F59: 259 | G59: 242 | H59: 470 | I59: 1009 | J59: 1390 | K59: 1101 | L59: 821 | M59: 963 | O59: 0 | P59: 0 | Q59: 0 | R59: 0 | S59: 0 | T59: 0 | U59: 0 | V59: 0 | AC59: 932.8226 | AF59: 시가총액 | AG59: 시가총액 | AQ59: 932.8226 | AW59: 932.8226 | DN59: 시가총액 | DO59: 시가총액 | EX59: 932.8226 | FW59: 932.8226 | KZ59: 시가총액
B60: 주가 | C60: 1271 | D60: 1251 | E60: 3907 | F60: 1986 | G60: 5463 | H60: 3604 | I60: 7736 | J60: 11720 | K60: 8440 | L60: 6290 | M60: 7380 | O60: 0 | P60: 0 | Q60: 0 | R60: 0 | S60: 0 | T60: 0 | U60: 0 | V60: 0 | AC60: 7150 | AF60: 종가 | AG60: 주가 | AH60: 1271 | AI60: 1251 | AJ60: 3908 | AK60: 1986 | AL60: 5463 | AM60: 3604 | AN60: 7736 | AO60: 11720 | AP60: 8440 | AQ60: 6640 | AR60: 7380 | AS60: 종가 | AW60: 7150 | DN60: 종가 | DO60: 주가 | DP60: 1271 | DQ60: 1271 | DR60: 1271 | DS60: 1236 | DT60: 1251 | DU60: 2286 | DV60: 3877 | DW60: 3537 | DX60: 3908 | DY60: 3398 | DZ60: 3049 | EA60: 1986 | EB60: 1986 | EC60: 1844 | ED60: 1955 | EE60: 3083 | EF60: 5463 | EG60: 4254 | EH60: 4590 | EI60: 3631 | EJ60: 3604 | EK60: 3591 | EL60: 5890 | EM60: 4572 | EN60: 7736 | EO60: 8181 | EP60: 11499 | EQ60: 12717 | ER60: 11720 | ES60: 8590 | ET60: 8690 | EU60: 7100 | EV60: 8440 | EW60: 7770 | EX60: 6770 | EY60: 6290 | EZ60: 6640 | FA60: 7380 | FB60: 종가 | KZ60: 주가
B61: SPS | C61: 0 | D61: 3998 | E61: 6067 | F61: 7990 | G61: 25282 | H61: 9326 | I61: 13075 | J61: 18969 | K61: 14784 | L61: 16988.51 | M61: 17877.39 | O61: 0 | P61: 0 | Q61: 0 | R61: 0 | S61: 0 | T61: 0 | U61: 0 | V61: 0 | AF61: SPS | AG61: SPS | DN61: SPS | DO61: SPS | KZ61: SPS
B62: OPS | C62: 0 | D62: 176 | E62: 236 | F62: 235 | G62: 1382 | H62: 445 | I62: 653 | J62: 1176 | K62: 816 | L62: 1226.05 | M62: 1080.46 | O62: 0 | P62: 0 | Q62: 0 | R62: 0 | S62: 0 | T62: 0 | U62: 0 | V62: 0 | AF62: OPS | AG62: OPS | DN62: OPS | DO62: OPS | KZ62: OPS
B63: EPS | C63: 0 | D63: 184 | E63: 176 | F63: -911 | G63: 1359 | H63: 481 | I63: 465 | J63: 881 | K63: 732 | L63: 1111.11 | M63: 620.69 | O63: EPS | P63: 130.27 | Q63: 490.42 | R63: 38.31 | S63: 352.49 | T63: 229.89 | U63: 0 | V63: 0 | W63: 921 | X63: - | Y63: - | AA63: #VALUE! | AC63: #VALUE! | AD63: #VALUE! | AF63: EPS | AG63: EPS | AQ63: #VALUE! | DD63: EPS(원) | DE63: EPS(원) | DF63: 465.15 | DG63: 801.31 | DH63: 731.6 | DI63: 921 | DJ63: - | DK63: - | DN63: EPS | DO63: EPS | KY63: EPS(원) | KZ63: EPS | LA63: 36.67 | LB63: 350.76 | LC63: 233.48 | LD63: 302 | LE63: - | LF63: -
B64: BPS | C64: 1458 | D64: 1732 | E64: 2319 | F64: 1357 | G64: 5102 | H64: 2227 | I64: 2708 | J64: 3878 | K64: 4128 | L64: 4643.68 | M64: 0 | O64: 0 | P64: 0 | Q64: 0 | R64: 0 | S64: 0 | T64: 0 | U64: 0 | V64: 0 | W64: - | X64: - | Y64: - | AC64: #VALUE! | AD64: #VALUE! | AF64: BPS | AG64: BPS | AQ64: #VALUE! | DD64: BPS(원) | DE64: BPS(원) | DF64: 2779.7 | DG64: 3525.65 | DH64: 4130.59 | DI64: - | DJ64: - | DK64: - | DN64: BPS | DO64: BPS | KY64: BPS(원) | KZ64: BPS | LA64: 4067.32 | LB64: 4413.93 | LC64: 4650.39 | LD64: - | LE64: - | LF64: -
B65: CPS | C65: 0 | D65: 532 | E65: 153 | F65: -66 | G65: 246 | H65: 677 | I65: -2701 | J65: 2348 | K65: 870 | L65: 2420 | M65: 0 | O65: 0 | P65: 0 | Q65: 0 | R65: 0 | S65: 0 | T65: 0 | U65: 0 | V65: 0 | AF65: CPS | AG65: CPS | DN65: CPS | DO65: CPS | KZ65: CPS
B66: DPS | C66: 0 | D66: 0 | E66: 0 | F66: 0 | G66: 0 | H66: 45 | I66: 45 | J66: 136 | K66: 100 | L66: 100 | M66: 0 | O66: 0 | P66: 0 | Q66: 0 | R66: 0 | S66: 0 | T66: 0 | U66: 0 | V66: 0 | W66: 250 | X66: - | Y66: - | AC66: 120 | AD66: #VALUE! | AF66: DPS(연간) | AG66: DPS | AH66: 0 | AI66: 0 | AJ66: 0 | AK66: 0 | AL66: 0 | AM66: 45 | AN66: 45 | AO66: 91 | AP66: 100 | AQ66: 0 | AR66: 0 | AS66: DPS(연간) | DD66: DPS(원) | DE66: DPS | DF66: 45.45 | DG66: 90.91 | DH66: 100 | DI66: 250 | DJ66: - | DK66: - | DN66: DPS(연간) | DO66: DPS | KY66: DPS(원) | KZ66: DPS | LA66: - | LB66: - | LC66: - | LD66: 250 | LE66: - | LF66: -
B67: SPS증가율(%) | C67: 0 | D67: 0 | E67: 51.74 | F67: 31.7 | G67: 216.41 | H67: -63.11 | I67: 40.19 | J67: 45.08 | K67: -22.06 | L67: 11.14 | M67: 20.92 | O67: 0 | P67: 0 | Q67: 0 | R67: 0 | S67: 0 | T67: 0 | U67: 0 | V67: 0 | AF67: SPS증가율(%) | AG67: SPS증가율(%) | DN67: SPS증가율(%) | DO67: SPS증가율(%) | KZ67: SPS증가율(%)
B68: OPS증가율(%) | C68: 0 | D68: 0 | E68: 33.98 | F68: -0.42 | G68: 488.93 | H68: -67.8 | I68: 46.86 | J68: 80.04 | K68: -30.59 | L68: 94.3 | M68: 32.41 | O68: 0 | P68: 0 | Q68: 0 | R68: 0 | S68: 0 | T68: 0 | U68: 0 | V68: 0 | AF68: OPS증가율(%) | AG68: OPS증가율(%) | DN68: OPS증가율(%) | DO68: OPS증가율(%) | KZ68: OPS증가율(%)
B69: EPS증가율(%) | C69: 0 | D69: 0 | E69: -4.36 | F69: -618.93 | G69: 249.1 | H69: -64.62 | I69: -3.25 | J69: 89.5 | K69: -17 | L69: 126.76 | M69: -15.21 | O69: 0 | P69: 0 | Q69: 0 | R69: 0 | S69: 0 | T69: 0 | U69: 0 | V69: 0 | AF69: EPS증가율(%) | AG69: EPS증가율(%) | DN69: EPS증가율(%) | DO69: EPS증가율(%) | KZ69: EPS증가율(%)
B70: BPS증가율(%) | C70: 0 | D70: 18.83 | E70: 33.9 | F70: -41.52 | G70: 276.11 | H70: -56.36 | I70: 21.62 | J70: 43.22 | K70: 6.45 | L70: 26.29 | M70: 0 | O70: 0 | P70: 0 | Q70: 0 | R70: 0 | S70: 0 | T70: 0 | U70: 0 | V70: 0 | AF70: BPS증가율(%) | AG70: BPS증가율(%) | DN70: BPS증가율(%) | DO70: BPS증가율(%) | KZ70: BPS증가율(%)
B71: CPS증가율(%) | C71: 0 | D71: 0 | E71: -71.21 | F71: -143.01 | G71: 473.21 | H71: 175.38 | I71: -498.8 | J71: 186.9 | K71: -62.92 | L71: 285.35 | M71: 0 | O71: 0 | P71: 0 | Q71: 0 | R71: 0 | S71: 0 | T71: 0 | U71: 0 | V71: 0 | AF71: CPS증가율(%) | AG71: CPS증가율(%) | DN71: CPS증가율(%) | DO71: CPS증가율(%) | KZ71: CPS증가율(%)
B72: DPS증가율(%) | C72: 0 | D72: 0 | E72: 0 | F72: 0 | G72: 0 | H72: 0 | I72: 0 | J72: 202.22 | K72: -26.47 | L72: 0 | M72: 0 | O72: 0 | P72: 0 | Q72: 0 | R72: 0 | S72: 0 | T72: 0 | U72: 0 | V72: 0 | AF72: DPS증가율(%) | AG72: DPS증가율(%) | DN72: DPS증가율(%) | DO72: DPS증가율(%) | KZ72: DPS증가율(%)
B73: 주가상승률(%) | C73: 0 | D73: -1.57 | E73: 212.31 | F73: -49.17 | G73: 175.08 | H73: -34.03 | I73: 114.65 | J73: 51.5 | K73: -27.99 | L73: -11.41 | M73: -12.56 | O73: 0 | P73: 0 | Q73: 0 | R73: 0 | S73: 0 | T73: 0 | U73: 0 | V73: 0 | AF73: 주가상승률(%) | AG73: 주가상승률(%) | DN73: 주가상승률(%) | DO73: 주가상승률(%) | KZ73: 주가상승률(%)
B74: 주식수증가율(%) | C74: 0 | D74: 6.42 | E74: 35.59 | F74: 0 | G74: -66 | H74: 194.58 | I74: 0 | J74: -9.12 | K74: 10.03 | L74: 0 | M74: 0 | O74: 0 | P74: 0 | Q74: 0 | R74: 0 | S74: 0 | T74: 0 | U74: 0 | V74: 0 | AF74: 주식수증가율(%) | AG74: 주식수증가율(%) | DN74: 주식수증가율(%) | DO74: 주식수증가율(%) | KZ74: 주식수증가율(%)
B75: 자본증가율(%) | C75: 23.36 | D75: 25.76 | E75: 81.93 | F75: -41.39 | G75: 27.68 | H75: 28.76 | I75: 21.31 | J75: 30.31 | K75: 17.17 | L75: 26.25 | M75: 0 | O75: 0 | P75: 0 | Q75: 0 | R75: 0 | S75: 0 | T75: 0 | U75: 0 | V75: 0 | AF75: 자본증가율(%) | AG75: 자본증가율(%) | DN75: 자본증가율(%) | DO75: 자본증가율(%) | KZ75: 자본증가율(%)
B76: 자산증가율(%) | C76: 174.77 | D76: 15.65 | E76: 51.47 | F76: 27.77 | G76: -22.64 | H76: 51.28 | I76: 54.94 | J76: 5.62 | K76: 9.6 | L76: 17.24 | M76: 0 | O76: 0 | P76: 0 | Q76: 0 | R76: 0 | S76: 0 | T76: 0 | U76: 0 | V76: 0 | AF76: 자산증가율(%) | AG76: 자산증가율(%) | DN76: 자산증가율(%) | DO76: 자산증가율(%) | KZ76: 자산증가율(%)
B77: 영업현금증가율(%) | C77: 0 | D77: 0 | E77: -60.78 | F77: -145 | G77: 222.22 | H77: 700 | I77: -500 | J77: 178.98 | K77: -58.99 | L77: 285.37 | M77: 0 | O77: 0 | P77: 0 | Q77: 0 | R77: 0 | S77: 0 | T77: 0 | U77: 0 | V77: 0 | AF77: 영업현금증가율(%) | AG77: 영업현금증가율(%) | DN77: 영업현금증가율(%) | DO77: 영업현금증가율(%) | KZ77: 영업현금증가율(%)
B78: 설비투자증가율(%) | C78: 0 | D78: 0 | E78: 0 | F78: 133.33 | G78: -85.71 | H78: 0 | I78: 0 | J78: 500 | K78: -83.33 | L78: 100 | M78: 0 | O78: 0 | P78: 0 | Q78: 0 | R78: 0 | S78: 0 | T78: 0 | U78: 0 | V78: 0 | AF78: 설비투자증가율(%) | AG78: 설비투자증가율(%) | DN78: 설비투자증가율(%) | DO78: 설비투자증가율(%) | KZ78: 설비투자증가율(%)
B79: FCF증가율(%) | C79: 0 | D79: 0 | E79: -66.67 | F79: -194.12 | G79: 162.5 | H79: 780 | I79: -502.27 | J79: 177.12 | K79: -58.97 | L79: 287.65 | M79: 0 | O79: 0 | P79: 0 | Q79: 0 | R79: 0 | S79: 0 | T79: 0 | U79: 0 | V79: 0 | AF79: FCF증가율(%) | AG79: FCF증가율(%) | DN79: FCF증가율(%) | DO79: FCF증가율(%) | KZ79: FCF증가율(%)
B80: ROIC증가율(%) | C80: 0 | D80: 0 | E80: -33.6 | F80: -751.85 | G80: 137.5 | H80: 5.98 | I80: -77.21 | J80: 178.15 | K80: -45.64 | L80: 91.79 | M80: 0 | O80: 0 | P80: 0 | Q80: 0 | V80: 0 | AF80: ROIC증가율(%) | AG80: ROIC증가율(%) | DN80: ROIC증가율(%) | DO80: ROIC증가율(%) | KZ80: ROIC증가율(%)
B81: ROE증가율(%) | C81: 0 | D81: 0 | E81: -28.58 | F81: -987.45 | G81: 139.64 | H81: -18.93 | I81: -20.43 | J81: 32.31 | K81: -22.04 | L81: 79.46 | M81: 0 | O81: 0 | P81: 0 | Q81: 0 | V81: 0 | AF81: ROE증가율(%) | AG81: ROE증가율(%) | DN81: ROE증가율(%) | DO81: ROE증가율(%) | KZ81: ROE증가율(%)
B82: ROA증가율(%) | C82: 0 | D82: 0 | E82: -14.45 | F82: -506.76 | G82: 165.45 | H82: -30.96 | I82: -37.62 | J82: 63.06 | K82: -16.75 | L82: 93.25 | M82: 0 | O82: 0 | P82: 0 | Q82: 0 | V82: 0 | AF82: ROA증가율(%) | AG82: ROA증가율(%) | DN82: ROA증가율(%) | DO82: ROA증가율(%) | KZ82: ROA증가율(%)
B83: OPM증가율(%) | C83: 41.96 | D83: -16.43 | E83: -20.05 | F83: -24.02 | G83: 82.89 | H83: -12.57 | I83: 4.63 | J83: 24.88 | K83: -10.85 | L83: 75.5 | M83: 8.96 | O83: 0 | P83: 0 | Q83: 0 | V83: 0 | AF83: OPM증가율(%) | AG83: OPM증가율(%) | DN83: OPM증가율(%) | DO83: OPM증가율(%) | KZ83: OPM증가율(%)
B84: NPM증가율(%) | C84: 52.09 | D84: 48.03 | E84: -33.03 | F84: -493.14 | G84: 146.86 | H84: -4.98 | I84: -29.76 | J84: 30.51 | K84: 5.53 | L84: 103.77 | M84: -29.5 | O84: 0 | P84: 0 | Q84: 0 | V84: 0 | AF84: NPM증가율(%) | AG84: NPM증가율(%) | DN84: NPM증가율(%) | DO84: NPM증가율(%) | KZ84: NPM증가율(%)
B85: 0 | C85: 0 | D85: 0 | E85: 0 | F85: 0 | G85: 0 | H85: 0 | I85: 0 | J85: 0 | K85: 0 | L85: 0 | M85: 0 | O85: 0 | P85: 0 | Q85: 0 | V85: 0 | AF85: 0 | AG85: 0 | DN85: 0 | DO85: 0 | KZ85: 0
B86: 투자지표2 | C86: 16년 | D86: 17년 | E86: 18년 | F86: 19년 | G86: 20년 | H86: 21년 | I86: 22년 | J86: 23년 | K86: 24년 | L86: 25년3Q연환산 | M86: 0 | O86: 0 | P86: 0 | Q86: 0 | V86: 0 | AF86: 투자지표2 | AG86: 투자지표2 | DN86: 투자지표2 | DO86: 투자지표2 | KZ86: 투자지표2
B87: PSR | C87: 0 | D87: 0.31 | E87: 0.64 | F87: 0.25 | G87: 0.22 | H87: 0.39 | I87: 0.59 | J87: 0.62 | K87: 0.57 | L87: 0.37 | M87: 0.41 | O87: 0 | P87: 0 | Q87: 0 | V87: 0 | AF87: PSR | AG87: PSR | DN87: PSR | DO87: PSR | KZ87: PSR
B88: POR | C88: 0 | D88: 7.11 | E88: 16.59 | F88: 8.47 | G88: 3.95 | H88: 8.1 | I88: 11.84 | J88: 9.96 | K88: 10.34 | L88: 5.13 | M88: 6.83 | O88: 0 | P88: 0 | Q88: 0 | R88: 0 | S88: 0 | T88: 0 | U88: 0 | V88: 0 | AF88: POR | AG88: POR | DN88: POR | DO88: POR | KZ88: POR
B89: PER | C89: 0 | D89: 6.81 | E89: 22.25 | F89: -2.18 | G89: 4.02 | H89: 7.5 | I89: 16.63 | J89: 13.3 | K89: 11.54 | L89: 5.66 | M89: 11.89 | O89: 0 | P89: 0 | Q89: 0 | R89: 0 | S89: 0 | T89: 0 | U89: 11.519438 | V89: 0 | AF89: PER | AG89: PER | AQ89: 11.519438 | DN89: PER | DO89: PER | KZ89: PER
B90: EV/EBITDA | C90: 0 | D90: 0 | E90: 0 | F90: 0 | G90: 0 | H90: 0 | I90: 12.39 | J90: 0 | K90: 0 | L90: 6.74 | M90: 0 | O90: 0 | P90: 0 | Q90: 0 | R90: 0 | S90: 0 | T90: 0 | U90: 0 | V90: 0 | AF90: EV/EBITDA | AG90: EV/EBITDA | DN90: EV/EBITDA | DO90: EV/EBITDA | KZ90: EV/EBITDA
B91: PBR | C91: 0.87 | D91: 0.72 | E91: 1.68 | F91: 1.46 | G91: 1.07 | H91: 1.62 | I91: 2.86 | J91: 3.02 | K91: 2.04 | L91: 1.35 | M91: 0 | O91: 0 | P91: 0 | Q91: 0 | R91: 0 | S91: 0 | T91: 0 | U91: 0 | V91: 0 | AF91: PBR | AG91: PBR | DN91: PBR | DO91: PBR | KZ91: PBR
B92: PCR | C92: 0 | D92: 2.35 | E92: 25.49 | F92: -30.13 | G92: 22.21 | H92: 5.32 | I92: -2.86 | J92: 4.99 | K92: 9.7 | L92: 2.6 | M92: 0 | O92: 0 | P92: 0 | Q92: 0 | R92: 0 | S92: 0 | T92: 0 | U92: 0 | V92: 0 | AF92: PCR | AG92: PCR | DN92: PCR | DO92: PCR | KZ92: PCR
B93: PRR | C93: 0 | D93: 0 | E93: 0 | F93: 65.9 | G93: 135.03 | H93: 245.94 | I93: 374.4 | J93: 614.01 | K93: 408.99 | L93: 205.25 | M93: 0 | O93: 0 | P93: 0 | Q93: 0 | R93: 0 | S93: 0 | T93: 0 | U93: 0 | V93: 0 | AF93: PRR | AG93: PRR | DN93: PRR | DO93: PRR | KZ93: PRR
B94: PEG | C94: 0 | D94: 0 | E94: -5.1 | F94: 0 | G94: 0.02 | H94: -0.12 | I94: -5.12 | J94: 0.15 | K94: -0.68 | L94: 0.04 | M94: -0.78 | O94: 0 | P94: 0 | Q94: 0 | R94: 0 | S94: 0 | T94: 0 | U94: 0 | V94: 0 | AF94: PEG | AG94: PEG | DN94: PEG | DO94: PEG | KZ94: PEG
B95: ROE | C95: 0 | D95: 10.6 | E95: 7.57 | F95: -67.18 | G95: 26.63 | H95: 21.59 | I95: 17.18 | J95: 22.73 | K95: 17.72 | L95: 23.93 | M95: 0 | O95: 0 | P95: 0 | Q95: 0 | R95: 0 | S95: 0 | T95: 0 | U95: 0 | V95: 0 | W95: #VALUE! | X95: #VALUE! | Y95: 0 | Z95: ROE | AA95: ROE | AB95: 19.019019 | AC95: #VALUE! | AD95: #VALUE! | AF95: 지배주주ROE | AG95: ROE | AH95: 0 | AI95: 20.67 | AJ95: 9.77 | AK95: -49.58 | AL95: 29.88 | AM95: 24.15 | AN95: 18.86 | AO95: 25.71 | AP95: 19.12 | AQ95: 0 | AR95: 0 | AS95: 지배주주ROE | DD95: FALSE | DE95: ROE | DG95: 25.830258 | DH95: 19.019019 | DI95: #VALUE! | DJ95: #VALUE! | DK95: 0 | DN95: 지배주주ROE | DO95: ROE | DP95: 0 | DQ95: 0 | DR95: 0 | DS95: 0 | DT95: 0 | DU95: -2.52 | DV95: 0 | DW95: 0 | DX95: 26.73 | DY95: 2.85 | DZ95: -137.03 | EA95: 3.52 | EB95: -68.63 | EC95: -7.24 | ED95: 49.57 | EE95: 41.17 | EF95: 36.1 | EG95: 14.83 | EH95: 29.2 | EI95: 13.86 | EJ95: 0 | EK95: 7.56 | EL95: 28.09 | EM95: 12.13 | EN95: 29.14 | EO95: 18.09 | EP95: 36.3 | EQ95: 21 | ER95: 28.77 | ES95: 1.16 | ET95: 12 | EU95: 14.3 | EV95: 49.96 | EW95: 3.58 | EX95: 33.1 | EY95: 20.62 | EZ95: 0 | FA95: 0 | FB95: 지배주주ROE | KZ95: ROE
B96: ROA | C96: 0 | D96: 5.19 | E96: 4.44 | F96: -18.06 | G96: 11.82 | H96: 8.16 | I96: 5.09 | J96: 8.3 | K96: 6.91 | L96: 10.88 | M96: 0 | O96: 0 | P96: 0 | Q96: 0 | R96: 0 | S96: 0 | T96: 0 | U96: 0 | V96: 0 | AF96: ROA | AG96: ROA | DN96: ROA | DO96: ROA | KZ96: ROA
B97: ROIC | C97: 0 | D97: 39.13 | E97: 25.98 | F97: -169.38 | G97: 63.52 | H97: 67.32 | I97: 15.34 | J97: 42.67 | K97: 23.19 | L97: 26.11 | M97: 0 | O97: 0 | P97: 0 | Q97: 0 | R97: 0 | S97: 0 | T97: 0 | U97: 0 | V97: 0 | AF97: ROIC | AG97: ROIC | DN97: ROIC | DO97: ROIC | KZ97: ROIC
B98: 배당성향(%) | C98: 0 | D98: 0 | E98: 0 | F98: 0 | G98: 0 | H98: 9.36 | I98: 9.67 | J98: 15.43 | K98: 13.67 | L98: 9 | M98: 16.11 | O98: 0 | P98: 0 | Q98: 0 | R98: 0 | S98: 0 | T98: 0 | U98: 0 | V98: 0 | AF98: 배당성향(%) | AG98: 배당성향(%) | DN98: 배당성향(%) | DO98: 배당성향(%) | KZ98: 배당성향(%)
B99: 연간 배당률(%) | C99: 0 | D99: 0 | E99: 0 | F99: 0 | G99: 0 | H99: 1.25 | I99: 0.58 | J99: 1.16 | K99: 1.18 | L99: 1.59 | M99: 1.36 | O99: 0 | P99: 0 | Q99: 0 | R99: 0 | S99: 0 | T99: 0 | U99: 0 | V99: 0 | AF99: 연간 배당률(%) | AG99: 연간 배당률(%) | AH99: 0 | AI99: 0 | AJ99: 0 | AK99: 0 | AL99: 0 | AM99: 1.2486127 | AN99: 0.58169597 | AO99: 0.77645051 | AP99: 1.1848341 | AQ99: 0 | AR99: 0 | DN99: 연간 배당률(%) | DO99: 연간 배당률(%) | KZ99: 연간 배당률(%)
B100: 차입률(%) | C100: 43.83 | D100: 15.79 | E100: 0.67 | F100: 57.16 | G100: 4.79 | H100: 21.95 | I100: 95.3 | J100: 43.08 | K100: 33.06 | L100: 35.97 | M100: 0 | O100: 0 | P100: 0 | Q100: 0 | R100: 0 | S100: 0 | T100: 0 | U100: 0 | V100: 0 | AF100: 차입률(%) | AG100: 차입률(%) | DN100: 차입률(%) | DO100: 차입률(%) | KZ100: 차입률(%)
...
